	1
2439-07-8	0
2437-29-8	1
106-24-1	0
143-74-8	0
5424-37-3	0
27887-84-9	0
440-17-5	1
146-48-5	0
524-36-7	0
138-41-0	0
511-45-5	0
23249-97-0	0
59-40-5	0
97-24-5	1
113-59-7	1
114-49-8	0
155-41-9	0
6202-23-9	1
3562-84-3	1
4408-78-0	0
NOCAS_45111	1
5588-33-0	1
57808-66-9	1
27199-40-2	1
50892-23-4	1
21256-18-8	0
4880-88-0	1
30516-87-1	0
123-99-9	0
14028-44-5	1
504-24-5	0
60719-82-6	0
968-81-0	0
768-94-5	0
179113-91-8	1
80809-81-0	1
321-64-2	0
446-86-6	1
59277-89-3	0
50-78-2	0
20537-88-6	0
59-66-5	0
63-75-2	0
2609-46-3	0
60-32-2	0
315-30-0	0
1951-25-3	1
13655-52-2	0
645-05-6	0
72432-10-1	0
59-96-1	0
28395-03-1	0
64706-54-3	1
1134-47-0	0
63659-18-7	0
36505-84-7	1
80-77-3	0
59939-16-1	0
305-03-3	1
154-93-8	0
73963-72-1	1
69-22-7	0
6055-19-2	0
490-46-0	0
94-20-2	0
53-19-0	1
298-46-4	0
95-25-0	0
51481-61-9	0
58-94-6	0
1163-36-6	1
298-57-7	1
6640-24-0	0
23593-75-1	1
129-03-3	1
5786-21-0	1
7424-00-2	0
50-63-5	0
637-07-0	0
303-49-1	1
4205-90-7	0
68550-75-4	1
50-53-3	1
28657-80-9	0
78-44-4	0
3685-84-5	0
2259-96-3	0
67469-78-7	1
34368-04-2	1
58-73-1	0
58-28-6	1
1229-29-4	1
67-43-6	1
364-98-7	0
58-32-2	1
2078-54-8	0
304-84-7	0
77671-31-9	0
116-38-1	0
89197-32-0	0
67-42-5	0
1841-19-6	1
80288-49-9	0
54910-89-3	1
25451-15-4	0
69-23-8	1
49562-28-9	1
78755-81-4	0
51-21-8	0
54143-55-4	0
67227-56-9	0
76824-35-6	0
13311-84-7	1
72509-76-3	1
29094-61-9	0
60142-96-3	0
10238-21-8	1
29110-48-3	0
82410-32-0	0
446-72-0	1
52-86-8	1
304-20-1	1
118909-22-1	0
58-93-5	0
51-45-6	0
51-61-6	0
127-07-1	0
123-31-9	1
15687-27-1	0
7683-59-2	0
79944-58-4	1
50-49-7	1
81167-16-0	0
34580-13-7	0
105431-72-9	0
68767-14-6	0
84057-84-1	0
53179-11-6	1
50264-69-2	1
75706-12-6	1
137-58-6	0
103577-45-3	1
79794-75-5	1
17560-51-9	0
364-62-5	0
31430-18-9	0
75438-57-2	0
24219-97-4	1
25717-80-0	0
38304-91-5	0
964-52-3	0
73-31-4	0
16662-46-7	0
70476-82-3	1
60-40-2	0
19982-08-2	0
10262-69-8	1
39562-70-4	0
66085-59-4	1
53179-07-0	0
447-41-6	0
57149-07-2	1
4394-00-7	1
51803-78-2	1
51-12-7	0
50-65-7	1
55985-32-5	1
21829-25-4	1
63612-50-0	1
42471-28-3	0
104-14-3	0
14698-29-4	0
1491-59-4	0
60607-34-3	1
75444-65-4	0
13523-86-9	0
544-31-0	0
6493-05-6	0
2062-78-4	1
53179-13-8	0
61-25-6	0
60-87-7	1
54063-53-5	1
7491-74-9	0
91-84-9	1
36322-90-4	0
58-39-9	1
53-60-1	1
156-51-4	1
98-96-4	0
125-33-7	0
28797-61-7	0
7681-67-6	1
306-07-0	0
50-33-9	1
1225-55-4	1
3605-01-4	0
51-06-9	0
55242-55-2	0
51-05-8	0
5786-68-5	1
66357-35-5	0
87051-43-2	1
1744-22-5	0
106266-06-2	0
54187-04-1	0
82640-04-8	1
91374-21-9	0
501-36-0	1
95635-55-5	0
36791-04-5	1
1054-88-2	1
526-08-9	0
77145-61-0	0
115344-47-3	0
18559-94-9	0
2447-54-3	1
749-02-0	1
38194-50-2	0
64603-91-4	0
89565-68-4	0
NOCAS_45208	1
80880-90-6	0
50-35-1	0
51012-33-0	0
107-35-7	1
64-77-7	0
97-77-8	1
1156-19-0	0
51-67-2	0
396-01-0	1
83-67-0	0
1077-28-7	0
25332-39-2	1
118409-57-7	1
25371-96-4	0
136-47-0	0
738-70-5	0
82248-59-7	1
40796-97-2	1
50-52-2	1
50679-08-8	1
1508-75-4	0
59803-98-4	0
52-53-9	0
2444-46-4	1
7361-61-7	0
1218-35-5	0
37762-06-4	0
101975-10-4	0
27833-64-3	1
1021868-76-7	1
546-48-5	0
13755-38-9	0
51-15-0	0
51-56-9	0
52-76-6	1
53-46-3	0
54-31-9	0
54-36-4	0
54-42-2	0
55-56-1	1
56-25-7	1
57-66-9	0
57-67-0	0
57-85-2	1
57-96-5	0
58-14-0	1
58-15-1	1
58-27-5	1
58-54-8	1
59-67-6	0
59-97-2	0
60-02-6	0
60-56-0	1
60-80-0	0
61-68-7	1
61-78-9	0
61-80-3	0
62-44-2	0
62-51-1	0
62-97-5	0
63-45-6	1
63-74-1	0
64-73-3	0
64-75-5	1
64-85-7	0
66-76-2	1
68-41-7	0
7492-32-2	0
72-14-0	0
50-60-2	0
73-48-3	0
73-49-4	0
76-90-4	0
77-04-3	0
77-36-1	0
77-67-8	0
80-08-0	0
80-32-0	0
80-35-3	0
82-02-0	0
83-12-5	0
83-43-2	0
84-16-2	1
84-17-3	0
85-73-4	0
85-79-0	1
86-34-0	0
89-57-6	0
90-33-5	0
90-39-1	0
91-33-8	0
93-14-1	0
94-07-5	0
94-09-7	1
94-25-7	1
94-26-8	1
96-83-3	1
97-59-6	0
103-16-2	1
103-90-2	0
104-31-4	0
115-46-8	0
116-43-8	0
121-19-7	0
121-54-0	1
121-59-5	0
122-11-2	0
125-84-8	0
126-27-2	0
127-69-5	0
127-71-9	0
127-79-7	0
128-62-1	0
129-20-4	1
129-77-1	0
130-26-7	1
131-53-3	1
131-57-7	0
132-18-3	0
132-69-4	0
133-67-5	0
135-09-1	0
138-37-4	0
141-94-6	0
144-82-1	0
144-83-2	0
148-79-8	0
149-16-6	0
152-62-5	1
152-72-7	0
154-41-6	0
298-81-7	0
303-25-3	0
303-45-7	1
5051-22-9	1
338-98-7	0
356-12-7	0
366-70-1	0
426-13-1	0
443-48-1	0
466-06-8	1
467-55-0	0
479-18-5	0
481-06-1	0
483-63-6	0
519-37-9	0
521-78-8	1
522-48-5	0
522-97-4	1
530-78-9	1
532-03-6	0
532-59-2	0
532-76-3	0
536-33-4	1
536-43-6	0
537-12-2	1
548-73-2	1
553-08-2	1
554-92-7	0
569-57-3	1
579-56-6	0
581-88-4	0
595-33-5	1
603-00-9	0
603-50-9	1
633-65-8	1
637-32-1	1
637-58-1	0
651-06-9	0
695-53-4	0
723-46-6	0
742-20-1	0
751-97-3	0
882-09-7	0
956-03-6	0
957-68-6	0
965-52-6	1
985-13-7	1
1070-11-7	0
1084-65-7	0
1094-08-2	0
1104-22-9	1
1115-70-4	0
1212-72-2	0
1220-83-3	0
1508-76-5	0
1524-88-5	0
1553-34-0	1
1649-18-9	0
1786-81-8	0
1986-47-6	0
2022-85-7	0
2062-84-2	0
2135-17-3	0
2139-47-1	0
2398-96-1	1
2438-72-4	1
2447-57-6	0
2508-72-7	0
2508-79-4	0
2668-66-8	0
2753-45-9	1
2773-92-4	1
43218-56-0	0
3093-35-4	1
3105-97-3	1
3160-91-6	0
3416-26-0	1
3485-62-9	0
3598-37-6	1
3717-88-2	0
3759-92-0	0
3778-73-2	0
3819-00-9	1
3902-71-4	0
3963-95-9	0
4093-35-0	0
5072-45-7	0
5575-21-3	0
5728-52-9	0
5870-29-1	0
5874-97-5	0
5985-00-2	0
5987-82-6	0
6064-83-1	0
6452-73-9	0
6620-60-6	0
7681-76-7	0
10310-32-4	1
10457-90-6	1
10592-13-9	1
13171-25-0	0
13710-19-5	1
14255-87-9	0
14611-52-0	0
14919-77-8	0
14976-57-9	1
14984-68-0	1
15318-45-3	0
15421-84-8	0
15622-65-8	0
1944-12-3	0
16773-42-5	0
18694-40-1	1
18883-66-4	0
19387-91-8	0
19562-30-2	0
35898-87-4	1
21187-98-4	0
21736-83-4	0
22071-15-4	0
22232-54-8	0
22457-89-2	0
22494-42-4	1
22668-01-5	0
22881-35-2	1
23031-32-5	0
23288-49-5	0
23327-57-3	0
23964-57-0	0
24280-93-1	1
25812-30-0	0
26839-75-8	0
27470-51-5	0
27523-40-6	1
27912-14-7	0
30544-47-9	1
31431-39-7	0
31677-93-7	1
29560-58-5	1
64872-77-1	1
33005-95-7	1
33125-97-2	0
33342-05-1	1
33817-20-8	0
34381-68-5	0
34552-84-6	0
35543-24-9	0
36167-63-2	1
36330-85-5	0
37661-08-8	0
40828-46-4	0
41340-25-4	0
41859-67-0	0
42200-33-9	0
42924-53-8	0
42971-09-5	1
43210-67-9	0
49697-38-3	0
50370-12-2	0
51781-21-6	0
51940-44-4	0
53797-35-6	0
55142-85-3	1
54965-21-8	0
55268-74-1	1
55837-27-9	0
56211-40-6	0
56391-57-2	0
59263-76-2	0
59804-37-4	0
59865-13-3	1
60166-93-0	0
60200-06-8	0
61318-91-0	1
61413-54-5	0
63245-28-3	0
63074-08-8	0
65473-14-5	1
65513-72-6	1
68844-77-9	1
70458-96-7	0
73231-34-2	0
73334-07-3	0
73590-58-6	1
74011-58-8	0
64221-86-9	0
75695-93-1	1
76963-41-2	0
78110-38-0	0
78712-43-3	0
79547-78-7	0
79902-63-9	1
80474-14-2	0
81098-60-4	1
81110-73-8	0
81403-68-1	0
81732-46-9	0
82419-36-1	0
83881-52-1	1
83919-23-7	1
84370-95-6	0
85798-08-9	0
87333-19-5	0
87771-40-2	0
89796-99-6	1
92339-11-2	0
93107-08-5	0
93479-97-1	1
95233-18-4	1
96036-03-2	0
98079-52-8	0
98319-26-7	1
130693-82-2	0
138890-62-7	0
3200-06-4	0
3385-03-3	0
3737-09-5	0
138-92-1	0
66309-69-1	0
71395-14-7	0
52-88-0	0
137-88-2	0
138-14-7	0
140-64-7	1
642-78-4	0
1476-53-5	0
1642-54-2	0
1949-20-8	0
2347-80-0	1
3734-33-6	0
4330-99-8	1
5560-59-8	1
68-89-3	0
6151-25-3	1
6151-30-0	1
6385-02-0	1
7177-50-6	0
7421-40-1	1
15307-79-6	1
24356-60-3	0
26155-31-7	0
26159-34-2	0
26807-65-8	0
207801-27-2	0
33402-03-8	0
41621-49-2	1
42461-84-7	1
71720-56-4	0
54856-23-4	0
56392-17-7	0
56796-39-5	0
56974-61-9	0
64490-92-2	0
64953-12-4	0
74103-07-4	0
77883-43-3	1
83915-83-7	0
92953-10-1	1
476-66-4	0
17692-51-2	1
57432-61-8	0
27848-84-6	0
302-79-4	1
501-30-4	0
29617-43-4	0
83-79-4	1
66104-23-2	0
511-12-6	1
70-70-2	0
83-73-8	1
105628-07-7	0
52468-60-7	1
1716-12-7	0
58-55-9	0
88107-10-2	1
136-40-3	1
72599-27-0	0
93106-60-6	0
97-18-7	1
115-02-6	0
389-08-2	0
54739-18-3	1
77-09-8	1
42835-25-6	0
132-60-5	0
17692-31-8	0
52-68-6	1
20559-55-1	0
3440-28-6	0
144-80-9	0
57-68-1	0
452-35-7	0
60628-96-8	1
50-10-2	0
24169-02-6	1
57524-89-7	0
84625-61-6	1
848-53-3	1
13739-02-1	1
54767-75-8	1
14007-64-8	0
57-41-0	0
1176-08-5	1
15826-37-6	0
74050-98-9	0
152-58-9	0
67-73-2	0
75847-73-3	0
55096-26-9	0
518-28-5	0
33564-31-7	1
56-47-3	1
616-91-1	0
2169-64-4	1
50-22-6	0
53994-73-3	0
302-22-7	1
51-52-5	0
50-23-7	0
23930-19-0	0
76-25-5	0
3056-17-5	0
92-13-7	0
75330-75-5	1
382-67-2	0
62571-86-2	0
58-61-7	0
50-91-9	1
63-05-8	1
361-37-5	0
20830-81-3	1
61-76-7	0
42399-41-7	1
483-18-1	1
38090-53-8	0
338-69-2	0
487-79-6	0
123040-69-7	0
54239-37-1	0
77-23-6	0
1166-34-3	0
70788-28-2	0
51411-04-2	0
510-74-7	1
23210-56-2	1
20229-30-5	1
41372-08-1	0
486-12-4	0
50903-99-6	0
98330-05-3	0
207572-66-5	1
98774-23-3	0
156727-74-1	1
90293-01-9	1
54-80-8	0
6673-35-4	0
533-45-9	0
5051-62-7	1
23672-07-3	0
80125-14-0	0
58493-49-5	0
160415-07-6	0
54965-24-1	1
129453-61-8	1
66575-29-9	1
72332-33-3	0
102394-31-0	0
162408-66-4	0
59-05-2	1
NOCAS_45676	0
64-86-8	0
94535-50-9	0
84088-42-6	0
84371-65-3	1
75859-03-9	1
85371-64-8	0
112192-04-8	1
111686-79-4	0
72420-38-3	0
99617-34-2	0
1135280-78-2	1
84225-95-6	0
95847-70-4	0
98769-84-7	0
58-00-4	1
65141-46-0	0
71320-77-9	0
21434-91-3	0
2901-75-9	0
102-77-2	0
29876-14-0	0
668-94-0	1
147059-75-4	0
1027-14-1	0
129618-40-2	0
28721-07-5	0
112811-59-3	0
99011-02-6	0
54188-38-4	0
35944-74-2	0
106017-08-7	0
27511-99-5	0
732-11-6	0
63-25-2	1
464-49-3	0
59-87-0	0
102-06-7	1
122-99-6	0
6898-97-1	1
64092-48-4	0
65646-68-6	1
148-82-3	0
15663-27-1	1
21245-02-3	0
53-03-2	0
59-14-3	0
7585-39-9	1
55981-09-4	1
40596-69-8	0
159989-65-8	1
106-48-9	0
556-08-1	0
320-67-2	1
151-67-7	0
51-03-6	0
154-42-7	1
599-79-1	1
55-98-1	0
101-83-7	0
112-57-2	0
50-21-5	0
86-87-3	0
62-73-7	0
538-71-6	1
151-21-3	1
140-72-7	1
427-51-0	1
62-38-4	1
150-13-0	0
22888-70-6	1
4350-09-8	0
108-18-9	0
50-29-3	1
333-41-5	0
22839-47-0	0
548-62-9	1
126-07-8	1
56-04-2	0
149-91-7	0
92-84-2	0
99-66-1	0
122-59-8	0
118-92-3	0
118-79-6	1
70-30-4	1
136-77-6	1
134-62-3	0
80-13-7	0
120-78-5	0
50-55-5	1
538-23-8	0
628-02-4	0
97-23-4	1
103-84-4	0
1143-38-0	0
59-50-7	0
124-04-9	0
65-86-1	0
117-10-2	1
150-76-5	1
119-53-9	0
109-57-9	1
65-45-2	0
621-42-1	0
434-07-1	1
79-43-6	0
97-53-0	0
169590-42-5	1
97-54-1	0
104-46-1	0
108-46-3	0
91-64-5	0
67-20-9	1
120-32-1	1
57-63-6	1
137-26-8	1
94-96-2	0
6197-30-4	1
57-11-4	0
102-76-1	0
938-73-8	0
55-38-9	0
50-44-2	1
80-46-6	0
470-82-6	0
112-24-3	0
1343-78-8	0
55-86-7	1
4342-03-4	0
118-56-9	0
121-75-5	1
30964-13-7	0
1465-25-4	1
834-28-6	0
52417-22-8	1
132-20-7	0
76541-72-5	0
128312-51-6	1
35943-35-2	0
98323-83-2	0
119431-25-3	0
91940-87-3	0
363-24-6	0
112108-01-7	1
150375-75-0	0
79559-97-0	1
72-33-3	1
37517-28-5	0
98-92-0	0
98-50-0	0
153-94-6	0
34118-92-8	0
75529-73-6	1
909-39-7	1
56715-13-0	0
36067-72-8	0
486-56-6	0
137160-11-3	0
1421-65-4	0
53-43-0	1
96020-91-6	0
35838-58-5	0
15639-50-6	0
57-47-6	0
97612-24-3	0
5053-08-7	0
3094-09-5	0
75507-68-5	0
68-96-2	0
57852-57-0	1
56010-88-9	0
50924-49-7	0
17780-75-5	0
116666-63-8	1
156-57-0	0
77257-42-2	1
5370-01-4	0
13614-98-7	0
672-87-7	0
550-99-2	0
135-23-9	0
32795-47-4	0
4789-68-8	1
62-68-0	1
104344-23-2	0
50-34-0	0
101-26-8	0
71-27-2	0
94749-08-3	1
204005-46-9	1
5464-78-8	0
52-49-3	0
1098-60-8	1
56776-01-3	0
1197334-04-5	0
78416-81-6	1
4272-74-6	1
56-34-8	0
16595-80-5	0
2062-77-3	1
104076-39-3	1
64887-14-5	0
119615-63-3	0
61129-30-4	0
56-72-4	1
122-34-9	0
330-54-1	1
3011-89-0	0
26002-80-2	0
138261-41-3	0
33089-61-1	1
120068-37-3	1
546-88-3	0
4800-94-6	0
88-04-0	0
132-65-0	0
50-98-6	0
66-84-2	0
87-33-2	0
4618-18-2	0
71-58-9	1
7246-14-2	0
121-81-3	0
68-22-4	1
4682-36-4	1
28094-15-7	0
63-98-9	0
50-24-8	0
52-21-1	0
13292-46-1	1
90-01-7	0
54-64-8	1
124-94-7	0
6411-75-2	0
97-44-9	0
69235-50-3	1
521-74-4	1
461-05-2	0
2295-58-1	0
36504-56-0	0
1617-90-9	0
23642-66-2	0
440-58-4	0
5588-16-9	0
73-24-5	0
548-66-3	0
13636-18-5	1
3413-64-7	0
13187-06-9	1
25953-17-7	0
59-47-2	0
81-07-2	0
3644-61-9	0
1188-21-2	0
53716-49-7	1
63585-09-1	0
62893-20-3	0
84-65-1	0
117-37-3	0
70-18-8	0
120-51-4	0
590-46-5	0
148-01-6	0
4940-39-0	0
57-08-9	0
125-51-9	0
50-42-0	0
1715-30-6	1
82586-55-8	0
60414-06-4	0
90-80-2	0
611-75-6	0
104376-79-6	0
63-56-9	0
37693-01-9	1
543-15-7	0
520-27-4	0
34161-23-4	1
6724-53-4	1
13609-67-1	0
51-79-6	0
319-89-1	0
122-16-7	0
54-91-1	0
53370-90-4	1
102-29-4	0
1239-45-8	1
3615-24-5	0
111-48-8	0
25122-46-7	1
125-52-0	0
141-90-2	0
86386-73-4	0
85-36-9	0
93413-69-5	0
5451-09-2	0
70356-09-1	1
1665-48-1	0
NOCAS_45916	1
105816-04-4	0
138402-11-6	0
122320-73-4	0
114798-26-4	0
72432-03-2	0
96829-58-2	1
181695-72-7	1
186826-86-8	0
112529-15-4	1
86541-74-4	1
104227-87-4	0
163222-33-1	1
154323-57-6	0
84485-00-7	0
976-71-6	0
144701-48-4	0
139264-17-8	0
6804-07-5	0
3366-95-8	0
70458-95-6	0
90098-04-7	0
91296-87-6	0
14222-60-7	0
61422-45-5	0
2971-90-6	0
58066-85-6	1
64211-46-7	1
79307-93-0	1
68693-11-8	0
82626-48-0	0
97240-79-4	0
210353-53-0	1
102625-70-7	0
119413-54-6	1
100286-90-6	0
145158-71-0	1
481-49-2	1
27591-97-5	1
72-48-0	1
621-23-8	0
515-69-5	0
50-07-7	1
773-76-2	1
18556-44-0	1
107868-30-4	0
130-16-5	1
67-45-8	0
169590-41-4	0
497-76-7	0
14073-97-3	0
68-94-0	0
1180-71-8	0
544-62-7	0
60-27-5	0
6138-56-3	0
81-23-2	0
58-63-9	0
83-40-9	0
489-84-9	0
103628-46-2	0
546-06-5	0
35212-22-7	0
219861-08-2	1
111974-69-7	0
133-11-9	1
53-06-5	0
13426-94-3	0
103055-07-8	0
552-94-3	0
2627-69-2	0
996-19-0	0
121268-17-5	0
34140-59-5	0
132539-06-1	0
574-25-4	1
59-30-3	0
66-72-8	0
51-43-4	0
81-13-0	0
33755-46-3	0
68291-97-4	0
135046-48-9	1
118-60-5	0
100643-71-8	1
859-18-7	0
69975-86-6	0
153-61-7	0
110871-86-8	0
154598-52-4	1
89785-84-2	1
1538-09-6	0
36282-47-0	0
91161-71-6	1
518-47-8	1
797-63-7	1
60-18-4	0
7414-83-7	0
56180-94-0	0
146-22-5	0
102518-79-6	0
434-03-7	0
122-46-3	0
123-63-7	0
36653-82-4	0
112-92-5	0
110-15-6	0
89-83-8	0
302-17-0	0
106-50-3	1
99-76-3	0
98-54-4	0
59-88-1	1
94-36-0	0
2315-68-6	0
89-68-9	1
13081-34-0	0
104-06-3	0
71-67-0	0
57-15-8	0
537-55-3	0
103-03-7	0
635-41-6	0
129-81-7	0
2610-86-8	0
360-70-3	0
4065-45-6	0
108341-18-0	0
77-21-4	0
87-89-8	0
608-66-2	0
77-86-1	0
72-63-9	0
3380-34-5	1
37076-68-9	0
57-44-3	0
115-33-3	1
484-23-1	0
1953-02-2	0
84-80-0	0
97-74-5	1
112-38-9	0
2387-59-9	0
71-63-6	1
56-29-1	0
40391-99-9	0
302-40-9	0
1215-83-4	0
17598-65-1	1
339-43-5	0
82-99-5	1
94-23-5	0
24237-54-5	0
68367-52-2	0
111406-87-2	0
184475-35-2	1
220127-57-1	1
134523-03-8	1
128794-94-5	1
157810-81-6	0
25953-19-9	0
133-10-8	0
53-34-9	0
87-10-5	1
86-75-9	1
93-60-7	0
64506-49-6	1
27262-48-2	0
747-36-4	0
495-69-2	0
1501-84-4	0
83-88-5	1
171599-83-0	0
56-54-2	1
552-22-7	0
129722-12-9	1
101828-21-1	1
69655-05-6	0
138729-47-2	0
71125-38-7	0
82752-99-6	1
117976-90-6	1
124937-51-5	1
124832-27-5	0
15686-71-2	0
71-73-8	0
98206-09-8	0
109826-26-8	1
103420-77-5	1
161605-73-8	0
107724-20-9	0
26305-03-3	0
539-15-1	0
63968-64-9	0
28888-44-0	0
20004-62-0	1
120210-48-2	1
17692-71-6	0
5663-71-8	0
30103-44-7	0
104-22-3	0
3374-22-9	0
7007-96-7	0
58338-59-3	1
2424-71-7	0
42879-47-0	0
2058-52-8	0
67121-76-0	1
70989-04-7	0
315-80-0	0
92623-83-1	0
84504-69-8	0
82956-11-4	0
18046-21-4	1
17289-49-5	0
577-91-3	0
115436-72-1	0
68-90-6	1
547-91-1	0
31386-25-1	1
3689-76-7	1
83471-41-4	0
58-46-8	0
151-06-4	0
5843-53-8	0
64204-55-3	0
71653-63-9	0
1213-06-5	0
2210-77-7	0
53808-88-1	0
18493-30-6	1
671-95-4	0
496-67-3	0
17969-20-9	0
18699-02-0	0
1553-60-2	0
42779-82-8	1
952-54-5	0
147-58-0	0
69542-93-4	0
71475-35-9	0
886-08-8	0
33414-36-7	0
152-47-6	0
33414-30-1	1
90-54-0	1
16543-10-5	0
537-17-7	0
17411-19-7	0
35619-65-9	0
652-67-5	0
58186-27-9	1
5355-16-8	0
113617-63-3	0
151319-34-5	0
112885-42-4	1
51322-75-9	0
1824-58-4	0
109543-76-2	0
2919-66-6	1
321-55-1	1
17692-39-6	1
82-66-6	1
844-26-8	1
16915-70-1	0
22662-39-1	1
36141-82-9	0
541-79-7	0
15599-52-7	1
1146-98-1	0
2687-91-4	0
98-79-3	0
126-14-7	0
119-13-1	0
5466-77-3	0
59-06-3	0
153-18-4	0
52-85-7	0
84379-13-5	0
2898-13-7	1
18109-81-4	0
24886-52-0	0
2759-71-9	0
495-84-1	1
664-95-9	0
6402-23-9	1
3563-14-2	0
3567-08-6	0
120-47-8	0
3810-35-3	1
93-47-0	0
26130-02-9	1
76894-77-4	0
177036-94-1	0
21221-18-1	0
4008-48-4	1
33743-96-3	0
94-19-9	0
127-77-5	0
10001-13-5	0
15574-49-9	0
3563-01-7	1
968-63-8	1
37561-27-6	1
96-62-8	0
94-12-2	0
94-14-4	0
19368-18-4	0
143482-60-4	1
NOCAS_47817	1
1216920-18-1	1
50-76-0	1
51773-92-3	1
2391-03-9	0
132203-70-4	1
53772-82-0	1
152-02-3	0
465-65-6	0
16590-41-3	0
97466-90-5	0
145-13-1	1
14663-23-1	0
102992-93-8	1
37148-27-9	0
62658-63-3	0
159701-44-7	0
101626-70-4	0
64795-35-3	0
15574-96-6	1
96744-75-1	0
590-63-6	0
51-83-2	0
115-79-7	0
149-64-4	0
69-27-2	0
541-22-0	0
60-26-4	0
114-80-7	0
57-94-3	0
65-29-2	0
69014-14-8	0
6493-06-7	0
145-63-1	0
61-19-8	0
5959-95-5	0
328-38-1	0
407-41-0	0
829-74-3	0
482-89-3	0
25162-00-9	0
630-60-4	1
26095-59-0	1
35891-70-4	0
57-22-7	0
57837-19-1	0
58594-72-2	1
28434-01-7	0
66215-27-8	0
3383-96-8	1
89-25-8	1
101-20-2	1
110-27-0	0
140-66-9	1
142-91-6	0
3147-75-9	1
94-18-8	1
1843-05-6	0
69-65-8	0
315-22-0	0
23696-28-8	0
57-09-0	1
6152-33-6	0
112-90-3	0
51-48-9	0
102-60-3	0
87-90-1	0
50-81-7	0
57-10-3	0
770-35-4	0
60719-84-8	0
566-48-3	1
78415-72-2	0
17230-88-5	1
378-44-9	0
4419-39-0	1
15708-41-5	0
97322-87-7	1
74772-77-3	1
52214-84-3	0
1954-79-6	0
94746-78-8	0
31386-24-0	1
579-23-7	1
81-11-8	0
490-55-1	0
59160-29-1	0
515-64-0	0
3696-28-4	1
140-40-9	0
555-90-8	0
1038-59-1	0
1027-87-8	0
43119-47-7	0
67-28-7	0
3270-71-1	0
15518-87-3	0
5541-67-3	1
6236-05-1	0
32462-30-9	0
6961-46-2	0
553-17-3	1
13898-58-3	0
115-24-2	0
87940-60-1	0
33996-33-7	0
72-19-5	0
140608-64-6	0
54-30-8	0
123-94-4	0
58473-74-8	0
56-89-3	0
1693-37-4	0
692-13-7	0
98-67-9	0
1707-14-8	0
23651-95-8	0
49864-70-2	0
1223-36-5	0
547-44-4	0
57460-41-0	0
101477-54-7	1
101530-10-3	0
103890-78-4	1
106560-14-9	0
107753-78-6	1
112398-08-0	0
115256-11-6	0
118288-08-7	0
120638-55-3	0
123318-82-1	1
130929-57-6	1
13189-98-5	0
144143-96-4	0
2765-97-1	0
136434-34-9	1
139110-80-8	0
141505-33-1	1
146939-27-7	1
129273-38-7	1
151767-02-1	0
154361-50-9	0
168273-06-1	1
17617-23-1	0
183321-74-6	1
192725-17-0	1
2011-67-8	0
202409-33-4	0
2998-57-4	0
30748-29-9	1
32887-01-7	0
27724-96-5	0
1310709-74-0	0
1248-42-6	0
59937-28-9	1
673-31-4	0
67392-87-4	0
74863-84-6	0
82034-46-6	0
83480-29-9	0
98717-15-8	0
88678-31-3	1
90729-43-4	1
93957-55-2	1
99464-64-9	0
14368-24-2	0
60282-87-3	1
479-92-5	0
123447-62-1	0
106685-40-9	1
112887-68-0	1
120511-73-1	0
124858-35-1	0
125-60-0	0
137234-62-9	0
140462-76-6	0
142340-99-6	1
143201-11-0	1
145821-59-6	0
26750-81-2	0
39809-25-1	0
341031-54-7	1
5630-53-5	1
63675-72-9	1
80573-04-2	0
130636-43-0	0
24584-09-6	0
2624-43-3	1
74697-28-2	0
79094-20-5	0
108929-04-0	0
38398-32-2	1
38821-52-2	0
2448-68-2	0
106308-44-5	0
78-41-1	1
125317-39-7	1
33996-58-6	0
306-94-5	0
96-27-5	1
111-01-3	0
98-98-6	0
100-88-9	0
66108-95-0	0
886-86-2	0
611-71-2	0
143-27-1	0
2174-64-3	0
614-18-6	0
60812-23-9	1
586-98-1	0
85-83-6	0
1188-37-0	0
543-82-8	0
34592-47-7	0
2353-33-5	0
5743-49-7	0
940-69-2	0
2398-81-4	0
50-27-1	1
886-38-4	1
17372-87-1	1
77-58-7	1
3731-52-0	0
124-03-8	1
1119-97-7	1
103-41-3	0
6284-40-8	0
313-06-4	1
297-76-7	1
1083-57-4	0
10049-83-9	0
3505-38-2	0
502-54-5	0
152-43-2	1
150824-47-8	0
38083-17-9	1
116-52-9	0
1715-40-8	1
643-79-8	1
38609-97-1	0
615-74-7	0
5333-42-6	0
122-40-7	0
423-55-2	0
587-90-6	1
79467-22-4	0
3412-76-8	1
84392-17-6	0
140-39-6	0
6968-72-5	0
22994-85-0	0
140-87-4	0
2440-22-4	0
1811-28-5	1
605-91-4	1
25526-93-6	0
21245-01-2	0
5232-99-5	1
3896-11-5	0
27503-81-7	1
2037-95-8	0
3753-81-9	0
130-95-0	0
50865-01-5	0
52508-35-7	0
905-97-5	1
3055-99-0	1
585-86-4	0
41468-25-1	0
91296-86-5	0
115550-35-1	0
57808-65-8	1
70-00-8	1
26786-32-3	1
55750-06-6	0
147228-81-7	1
135729-62-3	1
125-86-0	0
85622-93-1	0
65899-73-2	1
100299-08-9	0
123524-52-7	1
132907-72-3	1
10405-02-4	0
147536-97-8	1
104632-26-0	0
106463-17-6	0
10402-53-6	0
135-07-9	0
59-58-5	1
41826-92-0	0
13647-35-3	1
30299-08-2	0
88069-67-4	0
81872-10-8	0
3286-46-2	0
16320-04-0	1
113-07-5	0
23255-99-4	0
112965-21-6	1
13010-47-4	0
50700-72-6	0
5003-48-5	1
532-11-6	1
68302-57-8	1
33490-33-4	0
139481-59-7	0
134-80-5	0
11042-64-1	0
475207-59-1	1
135159-51-2	1
82186-77-4	1
191732-72-6	0
132866-11-6	1
89226-75-5	1
521-17-5	0
61-73-4	1
93793-83-0	0
54350-48-0	0
188627-80-7	0
231277-92-2	1
14484-47-0	1
23182-46-9	0
148016-81-3	0
2152-34-3	0
443913-73-3	0
965-90-2	0
116649-85-5	0
113712-98-4	0
32266-10-7	0
6981-18-6	0
78613-35-1	1
118292-40-3	1
59721-29-8	0
161967-81-3	0
122852-69-1	0
122892-31-3	0
129101-54-8	0
127294-70-6	0
1193386-64-9	0
127045-41-4	0
115964-29-9	0
120011-70-3	0
6933-90-0	0
120-72-9	1
83-34-1	0
666-99-9	0
1188-38-1	0
79660-72-3	0
54-96-6	0
10381-75-6	0
28772-56-7	1
3735-85-1	1
90494-79-4	0
58579-51-4	0
33237-74-0	1
201677-61-4	0
122-18-9	1
118499-70-0	0
136381-85-6	1
103878-83-7	0
3575-80-2	0
66898-62-2	1
41575-94-4	0
127625-29-0	1
71119-11-4	1
81409-90-7	0
82586-52-5	0
121288-39-9	0
3810-80-8	1
56839-43-1	0
52549-17-4	0
72496-41-4	1
638-94-8	0
149647-78-9	1
59467-96-8	1
90162-60-0	0
2217-44-9	1
7696-12-0	1
57653-26-6	0
99755-59-6	1
775304-57-9	1
161735-79-1	0
133099-07-7	0
136817-59-9	1
171596-29-5	0
122111-03-9	1
94055-76-2	0
364782-34-3	1
35035-05-3	0
54240-36-7	0
103766-25-2	0
108612-45-9	0
56741-95-8	0
153559-49-0	1
77469-98-8	1
179324-69-7	1
152946-68-4	1
25875-51-8	1
66-22-8	0
145858-50-0	0
6114-21-2	0
3238-60-6	0
25122-57-0	1
1198-77-2	0
676-46-0	0
121032-29-9	0
54556-98-8	1
57470-78-7	0
18507-89-6	0
94497-51-5	1
302962-49-8	1
143322-58-1	0
62288-83-9	0
7601-55-0	0
98-72-6	0
118-61-6	0
443-79-8	0
19767-45-4	0
55870-64-9	0
16506-27-7	0
1239-29-8	1
67-16-3	0
112665-43-7	1
78266-06-5	0
752-56-7	1
77-90-7	0
18917-95-8	0
114977-28-5	0
1235-82-1	0
804-36-4	1
1777-82-8	0
5817-39-0	0
27589-33-9	1
87233-62-3	0
89396-94-1	0
110221-44-8	0
212141-54-3	1
35189-28-7	1
6577-41-9	0
72739-14-1	0
29493-77-4	0
832-92-8	0
5688-80-2	0
133005-40-0	0
53757-34-9	1
2922-44-3	1
911-65-9	1
55096-75-8	1
4968-48-3	0
64-52-8	1
90736-23-5	0
78995-18-3	1
5156-58-1	0
50505-91-4	1
60676-84-8	0
1473-95-6	0
117332-94-2	0
131690-45-4	1
117332-93-1	0
79278-88-9	0
50505-88-9	0
24973-25-9	0
74341-83-6	0
26194-77-4	0
125-79-1	1
6211-15-0	0
3372-02-9	1
3239-45-0	0
3616-78-2	0
57-43-2	0
20224-45-7	0
340-57-8	0
50-37-3	0
50505-92-5	1
29705-96-2	1
124819-25-6	1
69049-06-5	0
60561-17-3	0
2426-63-3	1
1934-71-0	1
106133-22-6	0
1422-07-7	1
795-38-0	0
509-60-4	0
74341-78-9	0
64057-70-1	0
487-93-4	0
NOCAS_48895	0
68677-26-9	0
7558-73-8	0
520-53-6	0
1095-90-5	1
1892-80-4	0
36415-61-9	0
520-52-5	0
53152-21-9	1
1443-44-3	0
230615-23-3	0
62476-59-9	1
74258-86-9	0
361442-04-8	0
220620-09-7	0
147816-23-7	0
111696-23-2	0
75498-96-3	0
113981-44-5	0
201530-41-8	1
83435-67-0	1
1177-87-3	0
59198-70-8	0
40054-69-1	0
72590-77-3	0
64808-48-6	0
9066-59-5	0
927-19-5	0
103177-37-3	1
28002-18-8	0
6809-52-5	0
134308-13-7	1
9002-96-4	1
155213-67-5	1
187164-19-8	1
14293-44-8	0
16777-42-7	0
150915-40-5	0
3964-81-6	0
51-77-4	0
54533-86-7	0
78281-72-8	0
223652-90-2	0
122795-43-1	0
86780-90-7	0
144060-53-7	1
104054-27-5	1
141626-36-0	1
35607-66-0	0
63516-07-4	0
599179-03-0	1
198481-33-3	1
616202-92-7	1
518048-05-0	0
90038-01-0	1
144481-98-1	0
91503-79-6	0
120066-54-8	0
86197-47-9	1
72822-13-0	0
491-59-8	1
103-82-2	0
4822-44-0	1
93-30-1	0
74-79-3	0
99614-02-5	0
69-53-4	0
58-85-5	0
104-32-5	0
124756-23-6	0
87151-85-7	0
300-39-0	0
369-77-7	1
439-14-5	1
1092351-67-1	1
972-02-1	0
50-03-3	0
868540-17-4	1
115-93-5	0
198904-31-3	0
69388-79-0	1
7413-36-7	0
5467-78-7	0
79069-94-6	0
82834-16-0	0
963-14-4	0
7281-04-1	1
87-79-6	0
4023-65-8	0
110-16-7	0
53-86-1	1
911-45-5	1
99-45-6	0
67-78-7	0
549-18-8	1
61869-08-7	1
153439-40-8	0
5868-05-3	0
107793-72-6	0
20684-06-4	0
26615-21-4	1
27959-26-8	0
346-18-9	0
596-51-0	0
64241-34-5	0
69049-73-6	0
70-07-5	0
94-37-1	1
92-31-9	1
58-18-4	0
434-22-0	0
114607-46-4	0
444731-52-6	1
84611-23-4	0
482-44-0	0
593-85-1	0
29701-07-3	0
134-36-1	0
526-99-8	0
555-77-1	0
114856-44-9	0
254877-67-3	1
251565-85-2	0
127985-21-1	0
263248-42-6	1
16488-48-5	0
2020-25-9	0
150683-30-0	1
21216-78-4	0
51022-74-3	0
187269-40-5	0
150408-73-4	0
167820-10-2	0
97683-31-3	0
103725-47-9	0
13402-08-9	0
132810-10-7	0
145918-75-8	0
NOCAS_48792	0
616-96-6	0
14261-75-7	0
69956-77-0	1
79714-31-1	1
2001-81-2	0
128420-61-1	1
80879-63-6	0
21590-92-1	0
15387-18-5	1
103922-33-4	0
123258-84-4	0
101001-34-7	0
101973-77-7	0
120958-90-9	0
114417-20-8	0
3979-76-8	0
14417-88-0	1
134865-33-1	0
103377-41-9	1
94739-29-4	1
33765-68-3	1
1766-91-2	0
149838-23-3	0
4630-95-9	0
3772-76-7	0
122341-38-2	1
27877-51-6	1
123548-56-1	0
117279-73-9	1
139233-53-7	1
82547-58-8	0
631-27-6	0
156137-99-4	0
108319-06-8	0
1421-14-3	0
21721-92-6	0
25803-14-9	0
31224-92-7	0
31188-99-5	0
34645-84-6	0
57574-09-1	0
76568-02-0	0
75820-08-5	0
86-12-4	1
87760-53-0	0
3818-37-9	0
22661-76-3	0
14008-48-1	1
1492-02-0	0
7296-30-2	0
185517-21-9	1
57132-53-3	1
546-71-4	1
7195-27-9	0
99665-00-6	0
89419-40-9	1
127254-12-0	0
7077-34-1	0
642-83-1	0
14587-50-9	1
41653-21-8	1
25439-20-7	0
118635-52-2	0
5486-77-1	0
841-73-6	0
110958-19-5	0
116287-13-9	0
62-90-8	0
127-31-1	0
1195-16-0	0
33401-94-4	0
536-93-6	0
6170-42-9	1
83-07-8	0
96-82-2	0
850-52-2	1
14816-18-3	0
267243-28-7	1
606143-52-6	0
212631-79-3	1
387867-13-2	0
170364-57-5	1
1032350-13-2	1
87-81-0	0
51952-41-1	0
30751-05-4	0
285983-48-4	1
1224-92-6	1
71675-85-9	0
2490-97-3	0
50978-11-5	0
131740-09-5	1
520-85-4	0
59703-84-3	0
1934-21-0	0
299-84-3	1
21679-14-1	0
106516-24-9	1
76420-72-9	0
60-31-1	0
84878-61-5	1
53716-50-0	0
106-44-5	0
100-55-0	0
100-97-0	0
122-97-4	0
118-55-8	0
4252-78-2	1
108-95-2	0
15905-32-5	0
119-61-9	0
14096-51-6	1
52225-20-4	0
53164-05-9	0
123-30-8	1
5534-95-2	0
50-04-4	0
982-57-0	0
38821-53-3	0
72-80-0	0
7481-89-2	0
3736-81-0	1
13412-64-1	0
81161-17-3	0
125-04-2	0
630-56-8	1
50847-11-5	0
606-17-7	0
60-92-4	0
562-10-7	0
77191-36-7	0
84-02-6	1
59973-80-7	0
25155-18-4	1
121-33-5	0
128-37-0	0
28868-76-0	0
60-12-8	0
26864-56-2	1
5875-06-9	0
127-47-9	1
147-93-3	0
3778-76-5	0
10338-51-9	0
220991-20-8	1
53-16-7	0
68-88-2	1
5502-69-2	0
77-19-0	1
127308-98-9	1
56-40-6	0
56-06-4	0
16142-27-1	0
52315-07-8	0
66-81-9	1
1217457-81-2	1
39731-05-0	0
178600-17-4	0
24916-51-6	0
21312-10-7	0
173399-03-6	0
82626-01-5	1
105219-56-5	0
170729-80-3	1
65576-45-6	1
319460-85-0	1
91599-74-5	1
918639-10-8	1
200707-85-3	0
109732-56-1	0
144598-75-4	0
133454-47-4	1
1247-42-3	0
77-41-8	0
143388-64-1	0
169293-50-9	1
171228-49-2	1
389574-19-0	0
49763-96-4	0
74135-10-7	0
202138-50-9	0
74711-43-6	0
49627-27-2	1
54-85-3	0
66871-56-5	0
68373-14-8	1
65-23-6	0
19216-56-9	0
542-15-4	0
29216-28-2	1
329-63-5	0
109-43-3	0
112733-06-9	0
624-48-6	0
104-20-1	0
52479-85-3	1
551-92-8	0
56038-13-2	0
76-47-1	0
80-74-0	0
4245-41-4	0
7681-14-3	1
74517-78-5	0
68-19-9	0
64-55-1	0
118-23-0	1
313348-27-5	0
53882-12-5	0
93390-81-9	0
2226-11-1	0
90-86-8	0
133-58-4	1
81632-85-1	0
104-28-9	0
71574-35-1	0
63906-52-5	0
98123-83-2	0
2265-64-7	0
54400-59-8	0
131-67-9	0
13912-80-6	0
61-56-3	0
17243-57-1	0
4378-36-3	1
91618-36-9	0
467-85-6	0
23779-99-9	1
1081-50-1	0
2179-37-5	0
14556-46-8	0
119-48-2	0
24166-13-0	0
2236-31-9	0
7642-64-0	0
912-57-2	0
74512-12-2	1
2508-47-6	0
14929-11-4	0
64622-45-3	0
180200-68-4	1
68252-19-7	0
154-82-5	0
73310-10-8	0
130726-68-0	1
3686-58-6	0
74639-40-0	0
38957-41-4	0
126-85-2	0
50838-36-3	0
3738-06-5	0
10397-75-8	0
84466-05-7	0
3459-20-9	0
115-44-6	0
15687-14-6	0
103475-41-8	1
289893-25-0	0
123013-22-9	0
80734-02-7	0
1986-53-4	0
85801-02-1	0
139-62-8	1
5579-81-7	0
184036-34-8	0
292618-32-7	1
19504-77-9	0
156601-79-5	0
481-85-6	1
30392-40-6	1
47739-98-0	1
113-18-8	0
68238-36-8	0
17784-12-2	0
1225-20-3	0
1322-14-1	1
91-79-2	0
3704-09-4	0
73573-42-9	1
31868-18-5	1
116308-55-5	0
2127-01-7	0
77-51-0	0
144-14-9	0
33045-52-2	0
5006-66-6	0
56177-80-1	0
3874-54-2	0
13035-61-5	0
94158-44-8	0
56718-70-8	0
88426-33-9	1
83783-69-1	1
7761-45-7	1
153168-05-9	0
41340-36-7	0
494-19-9	0
1008-65-7	0
171714-84-4	0
22663-37-2	0
21732-17-2	0
54396-44-0	0
114772-53-1	0
652-37-9	0
2380-94-1	0
4965-33-7	0
112984-60-8	0
1620-98-0	0
3453-33-6	0
138112-76-2	0
64987-03-7	0
4462-55-9	0
7724-76-7	1
6320-03-2	0
1078-19-9	0
13255-50-0	0
21440-97-1	0
302-97-6	0
66644-80-2	0
119356-77-3	1
84449-80-9	0
85-90-5	0
40172-95-0	0
14205-39-1	0
393-11-3	0
3721-95-7	0
29976-53-2	0
16883-16-2	0
42399-49-5	1
1660-95-3	0
86393-33-1	0
6065-63-0	0
26116-12-1	0
23680-84-4	0
64920-29-2	0
76283-09-5	0
22252-43-3	0
33924-48-0	0
2107-69-9	0
78834-75-0	0
40807-61-2	0
1210-35-1	0
1028-33-7	0
66532-85-2	0
7303-78-8	0
114-91-0	0
83991-25-7	0
55453-87-7	0
84-19-5	0
22720-75-8	0
43076-61-5	0
40188-45-2	0
92-39-7	0
5081-87-8	0
1458-18-0	1
13338-63-1	0
16673-34-0	0
27469-60-9	0
56326-98-8	0
39512-49-7	0
39219-28-8	0
72479-26-6	0
5588-21-6	0
67914-60-7	0
40187-51-7	0
3943-89-3	0
61516-73-2	0
53786-28-0	0
17630-75-0	0
620-20-2	0
6928-85-4	0
4093-31-6	0
1584-62-9	0
784-38-3	1
21228-13-7	1
7706-67-4	0
100-76-5	0
517-23-7	0
1075-89-4	0
30319-05-2	0
5050-41-9	0
137215-12-4	0
30709-69-4	0
155270-99-8	0
306-20-7	0
175481-36-4	0
62140-67-4	0
548-00-5	1
100-36-7	0
10389-73-8	0
599-88-2	0
66304-03-8	0
509-78-4	0
67199-66-0	1
53786-46-2	1
64486-18-6	0
124-28-7	0
63610-08-2	0
787-93-9	0
54029-12-8	0
68576-86-3	0
39512-50-0	0
141200-24-0	1
65571-68-8	0
92-54-6	0
774-40-3	0
163252-36-6	0
7036-58-0	0
4945-47-5	1
75887-54-6	0
30187-90-7	0
179474-81-8	0
118244-44-3	1
53684-49-4	0
146961-77-5	0
42024-98-6	0
32838-28-1	0
15351-09-4	0
17814-85-6	0
120081-14-3	0
6506-37-2	0
519-88-0	0
1222-57-7	1
502-59-0	0
67765-04-2	0
56917-29-4	0
202189-78-4	0
70-10-0	1
808-26-4	1
4093-29-2	0
979-02-2	0
20662-53-7	0
28315-93-7	0
501-68-8	0
65847-85-0	1
52605-52-4	0
300-22-1	0
1939-27-1	0
147086-81-5	0
84803-46-3	0
3158-91-6	0
86408-72-2	0
4274-38-8	1
167221-71-8	0
211915-06-9	1
38234-21-8	0
137975-06-5	0
125-13-3	1
2144-08-3	1
53786-45-1	1
535-65-9	0
55779-18-5	0
6092-18-8	0
31127-82-9	0
118635-68-0	0
1146-95-8	1
5634-42-4	0
1050-48-2	0
366789-02-8	1
73590-85-9	0
136-44-7	0
23049-93-6	1
86487-64-1	0
1609-66-1	0
700-13-0	0
31431-43-3	0
331741-94-7	1
485-89-2	1
151287-22-8	0
77181-69-2	0
104653-34-1	1
76738-96-0	1
110816-79-0	0
5919-74-4	0
69123-90-6	0
35604-67-2	0
18174-58-8	0
103775-14-0	0
10539-19-2	1
29608-49-9	0
20701-77-3	0
31036-80-3	0
167465-36-3	1
496775-61-2	1
4536-30-5	0
107097-80-3	0
79-64-1	1
3115-05-7	0
63-12-7	0
73803-48-2	0
35941-65-2	1
13445-60-8	0
89371-44-8	0
105613-48-7	0
108852-90-0	1
137-86-0	0
171049-14-2	0
NOCAS_57603	0
10418-03-8	1
557-09-5	0
100-15-2	0
110-02-1	0
156-59-2	0
3446-89-7	0
5493-45-8	1
62-50-0	0
7779-65-9	0
930-68-7	0
944-22-9	0
1490-04-6	0
75-76-3	0
124-10-7	0
2530-87-2	0
869-24-9	0
3012-37-1	0
443-72-1	0
554-95-0	0
100-39-0	0
110-57-6	0
1619-16-5	0
3682-19-7	0
554-84-7	0
626-43-7	0
78-84-2	0
10190-99-5	1
78-95-5	0
77-99-6	0
127-91-3	0
2935-90-2	0
1585-07-5	0
479-13-0	0
302-15-8	0
16045-92-4	0
100-69-6	0
111-26-2	0
1647-16-1	1
4016-14-2	0
56-23-5	0
6287-38-3	0
78-93-3	0
95-06-7	0
1918-02-1	0
846-50-4	1
81-84-5	0
143-23-7	0
2163-42-0	0
86-86-2	0
683-72-7	0
101-39-3	0
111-86-4	0
17376-04-4	0
41253-21-8	0
5743-04-4	1
632-79-1	0
79-20-9	0
95-64-7	0
171869-95-7	0
75-97-8	0
85-69-8	1
149-73-5	0
4454-05-1	0
9005-67-8	0
999-81-5	0
5522-43-0	1
78-79-5	0
102-07-8	1
114-83-0	1
1817-73-8	0
577-59-3	0
6358-07-2	1
79-34-5	0
95-79-4	0
2955-38-6	1
107-45-9	0
90-51-7	0
354-58-5	0
3520-42-1	0
3302-10-1	0
76-57-3	0
244-63-3	1
69056-62-8	0
102-36-3	1
118-90-1	0
19952-47-7	0
4635-87-4	0
589-18-4	0
645-09-0	0
80-30-8	0
961-11-5	1
4759-48-2	1
115-19-5	0
529-33-9	0
6881-94-3	0
5089-70-3	0
3148-73-0	0
2257-09-2	1
460345-16-8	0
103-63-9	0
119-32-4	0
20562-02-1	1
4901-51-3	1
68085-85-8	0
80-56-8	0
96-41-3	0
143-28-2	0
98-55-5	0
542-10-9	0
14433-76-2	0
6742-54-7	0
1067-33-0	1
2198-59-6	1
61755-34-8	0
103-89-9	0
120-57-0	0
2113-57-7	0
50-02-2	0
594-61-6	0
693-95-8	0
823-40-5	0
97-02-9	0
959-24-0	0
9004-98-2	1
100-53-8	0
593-81-7	0
22591-21-5	0
18479-58-8	0
628-36-4	0
64697-40-1	1
104-88-1	0
122-04-3	0
2213-63-0	0
505-32-8	0
600-05-5	0
85-44-9	0
98-09-9	0
26471-62-5	0
50-99-7	0
105-05-5	0
616-21-7	0
25265-77-4	0
107-86-8	0
102-09-0	0
105-36-2	0
124-48-1	0
2381-21-7	1
51-36-5	0
60348-60-9	0
87-59-2	0
98-83-9	0
28961-43-5	1
97-88-1	0
105-45-3	0
628-13-7	0
27193-86-8	1
2403-88-5	0
13838-16-9	0
99-50-3	0
76150-91-9	0
13014-24-9	0
24370-25-0	0
52253-69-7	1
607-91-0	0
7493-72-3	0
881-03-8	0
99-48-9	0
68609-96-1	1
110-96-3	0
106-79-6	0
763-69-9	0
32210-23-4	0
7646-78-8	0
56296-78-7	1
11096-82-5	0
106-63-8	0
13284-42-9	0
25013-15-4	0
527-85-5	0
609-19-8	1
75-25-2	0
89-40-7	0
99-98-9	1
507-20-0	0
69669-44-9	1
107-96-0	0
872-05-9	0
41663-84-7	0
7758-94-3	0
619-67-0	0
4640-01-1	0
107-18-6	0
13506-76-8	0
287-92-3	0
534-22-5	0
611-06-3	0
75-34-3	0
89-82-7	1
106-88-7	0
54143-56-5	1
111-41-1	0
110-67-8	0
1152-61-0	0
88917-22-0	0
54574-82-2	1
144-48-9	0
638-03-9	0
140-29-4	0
3018-12-0	0
613-93-4	0
75-77-4	0
91-17-8	0
103173-73-5	0
9005-07-6	1
112-62-9	0
111-97-7	0
1562-00-1	0
99-93-4	0
3054-95-3	0
1453-82-3	0
127-48-0	0
108-69-0	0
1477-42-5	0
3173-53-3	0
542-75-6	0
76-22-2	0
91-68-9	0
8065-48-3	0
506-61-6	1
110-18-9	0
112-86-7	0
1704-62-7	0
120-92-3	0
69409-94-5	0
7791-18-6	0
80226-00-2	1
109-66-0	0
1522-92-5	0
3234-28-4	0
5464-79-9	0
7665-72-7	0
92-66-0	0
64902-72-3	0
10102-45-1	1
68-36-0	0
21416-67-1	0
2402-79-1	0
581-42-0	0
121057-90-7	0
5834-17-3	0
14324-55-1	1
3710-84-7	0
100-19-6	0
100-44-7	0
100-75-4	0
101-68-8	0
102-08-9	1
1025-15-6	0
103-70-8	0
104-55-2	0
105-11-3	0
105-57-7	0
10599-70-9	0
106-89-8	0
1074-12-0	0
108-24-7	0
108-70-3	0
109-67-1	0
110-03-2	0
110-59-8	0
1116-54-7	0
111-91-1	0
100-27-6	0
118-91-2	0
119-39-1	0
120-66-1	0
122-60-1	0
12789-03-6	1
1330-20-7	0
13608-87-2	0
141-75-3	0
15121-84-3	0
15345-89-8	0
15950-66-0	0
100-61-8	0
1684-40-8	0
1761-71-3	0
18640-74-9	0
2008-39-1	0
20702-77-6	0
2243-76-7	1
2404-44-6	0
2439-35-2	0
101-18-8	1
298-59-9	0
3101-60-8	0
3179-47-3	0
32536-52-0	1
3569-10-6	1
39025-24-6	1
404-86-4	1
4170-30-3	0
4403-61-6	0
4659-45-4	0
4938-72-1	0
50-30-6	0
50-79-3	0
51-44-5	0
523-87-5	1
529-19-1	0
535-80-8	0
538-74-9	0
5436-43-1	1
5466-84-2	0
551-06-4	1
563-58-6	0
57-53-4	0
578-46-1	0
591-17-3	0
591-87-7	0
594-71-8	0
600-25-9	0
608-71-9	1
610-14-0	0
611-32-5	0
616-23-9	0
619-80-7	0
6219-89-2	1
62-53-3	0
627-05-4	0
628-94-4	0
637-92-3	0
645-49-8	0
67634-00-8	0
70-34-8	1
74-31-7	1
74-96-4	0
75-26-3	0
75-35-4	0
75-83-2	0
762-75-4	0
768-52-5	0
78-38-6	0
78-87-5	0
78-94-4	0
79-27-6	0
79-46-9	0
80-39-7	0
80-62-6	0
82985-35-1	0
85-98-3	1
87-60-5	0
101-96-2	1
89-58-7	0
89-98-5	0
91-21-4	0
92-59-1	0
92-67-1	0
931-97-5	0
95-46-5	0
95-68-1	0
95-82-9	0
96-12-8	0
96-47-9	0
98-15-7	0
99-09-2	0
99-52-5	0
100-40-3	0
106-92-3	0
594-18-3	0
83055-99-6	0
31906-04-4	0
120-62-7	1
4884-68-8	0
316-42-7	1
140-57-8	0
106-46-7	0
5989-27-5	0
76-13-1	0
148-18-5	1
78-86-4	0
505-29-3	0
108-31-6	0
7783-00-8	0
598-77-6	0
121-91-5	0
74-95-3	0
54-21-7	0
88-68-6	0
111-90-0	0
123-54-6	0
868-77-9	0
99-71-8	0
2809-21-4	0
111-92-2	0
122-19-0	1
110-71-4	0
29964-84-9	0
594-42-3	0
102-82-9	0
71-48-7	0
75-98-9	0
78-10-4	0
84-77-5	0
88-51-7	0
97-30-3	0
98-88-4	0
101-63-3	0
105-08-8	0
105-56-6	0
107-39-1	0
108-11-2	0
111-36-4	0
112-03-8	1
115-27-5	0
121-45-9	0
126-11-4	0
128-39-2	0
144-19-4	0
301-02-0	1
502-44-3	0
529-34-0	0
547-64-8	0
598-98-1	0
617-94-7	0
629-11-8	0
764-41-0	0
939-97-9	0
1185-55-3	0
1569-69-3	0
1779-48-2	0
2425-54-9	0
2687-25-4	1
3048-65-5	0
3965-55-7	0
4767-03-7	0
6422-86-2	0
6938-94-9	0
14643-87-9	0
22984-54-9	0
25973-55-1	0
27554-26-3	0
38103-06-9	0
63721-05-1	0
92-88-6	1
107-83-5	0
122-96-3	0
622-96-8	0
931-19-1	0
1603-41-4	0
2421-28-5	0
2948-46-1	0
3399-22-2	0
5856-63-3	0
7529-22-8	0
27060-75-9	0
333-20-0	0
3542-36-7	1
7664-93-9	0
7791-25-5	0
86089-17-0	0
6109-97-3	1
51-55-8	0
10326-27-9	0
20570-96-1	0
96-48-0	0
474-25-9	1
67-48-1	0
1192-28-5	0
39156-41-7	1
81-21-0	0
1072-53-3	0
3741-38-6	0
24589-77-3	0
4247-02-3	1
55-22-1	0
108-78-1	0
934-00-9	1
98-85-1	0
95-71-6	1
81-16-3	0
613-50-3	0
50-06-6	0
842-07-9	0
88-96-0	0
952-23-8	1
59-33-6	1
128-44-9	0
540-23-8	0
95-63-6	0
21436-96-4	0
13755-29-8	0
719-22-2	0
822-87-7	0
137-19-9	0
597-43-3	0
681-57-2	0
629-08-3	0
99-06-9	0
625-28-5	0
617-62-9	0
565-61-7	0
505-48-6	0
1821-02-9	0
141-82-2	0
115-17-3	1
594-65-0	0
638-53-9	1
112-44-7	1
10161-33-8	0
1085-12-7	1
117-99-7	0
13020-57-0	1
131-54-4	0
1470-57-1	0
17696-62-7	1
2664-60-0	1
331717-63-6	0
38713-56-3	1
41351-30-8	1
611-99-4	1
6521-29-5	1
321746-49-0	0
848641-69-0	1
79-97-0	1
2081-08-5	1
778-22-3	0
79-95-8	1
14868-03-2	1
1943-97-1	1
85-19-8	1
134-09-8	1
36861-47-9	0
149-32-6	0
58543-16-1	0
76-12-0	0
2531-84-2	0
4345-03-3	0
623-15-4	0
7149-26-0	0
75-95-6	0
100-14-1	0
3333-52-6	0
14639-25-9	0
344774-05-6	0
23906-97-0	1
65039-09-0	0
22113-86-6	0
53226-35-0	0
30781-73-8	0
121107-18-4	1
405514-94-5	1
98892-75-2	0
227617-70-1	0
108203-70-9	0
402846-78-0	0
448245-52-1	0
174501-64-5	0
342789-81-5	0
433337-23-6	1
344790-87-0	0
244193-56-4	1
412009-62-2	1
404001-48-5	1
114569-84-5	1
219947-93-0	1
258273-75-5	0
155371-19-0	0
827027-25-8	0
61546-01-8	1
22113-87-7	0
85100-78-3	0
375395-33-8	1
22113-88-8	0
65039-10-3	0
36443-80-8	0
350493-08-2	0
475575-45-2	0
186088-50-6	0
874-80-6	0
74440-81-6	0
6220-15-1	0
797789-00-5	0
330671-29-9	0
56511-17-2	0
370865-80-8	0
100-22-1	1
110-13-4	0
106-94-5	0
367-25-9	0
55-21-0	0
625-48-9	0
933-78-8	1
223436-99-5	0
4186-68-9	0
77-76-9	0
126-33-0	0
2905-62-6	0
223437-05-6	0
88-26-6	1
452-86-8	1
78-76-2	0
100-52-7	0
110-61-2	0
1629-58-9	0
393-52-2	0
627-63-4	0
78-88-6	0
94-45-1	0
2303-16-4	0
124-63-0	0
79-04-9	0
141-97-9	0
3282-30-2	0
1758-73-2	0
331-39-5	0
315-18-4	0
598-78-7	0
101-14-4	1
111-66-0	0
17026-81-2	0
57018-52-7	0
629-14-1	0
79-08-3	0
95-47-6	0
8001-50-1	1
75-57-0	0
85-42-7	0
144-79-6	0
4253-34-3	0
2495-25-2	0
553-53-7	0
7581-97-7	0
101-90-6	1
17700-09-3	0
575-43-9	0
634-90-2	0
79-29-8	0
95-77-2	1
319-84-6	0
96-22-0	0
88-53-9	0
329-01-1	1
5131-66-8	0
3030-47-5	0
87-29-6	1
607-35-2	0
3748-13-8	0
102-16-9	0
118-08-1	0
18708-70-8	0
446-35-5	0
58-22-0	0
638-29-9	0
8008-26-2	0
95-84-1	1
76180-96-6	0
923-26-2	0
244193-52-0	1
506-59-2	0
258864-54-9	1
3699-54-5	0
52-89-1	0
604-75-1	1
3115-68-2	0
102-81-8	0
20098-48-0	0
485-47-2	1
591-27-5	0
646-14-0	0
403842-84-2	1
96-13-9	0
50-32-8	1
88230-35-7	0
97-39-2	0
534-15-6	0
7795-95-1	0
6362-79-4	0
785-30-8	1
216299-72-8	0
171058-17-6	0
103-83-3	0
119-75-5	0
207-08-9	0
494-90-6	0
592-41-6	0
67-72-1	0
81-55-0	1
96-50-4	0
92-55-7	1
882-33-7	0
100-29-8	1
554-12-1	0
17564-64-6	0
16712-64-4	0
685-91-6	0
541-69-5	0
304680-35-1	0
104-75-6	0
121-89-1	0
2210-25-5	0
503-30-0	0
595-37-9	0
71-36-3	0
83-38-5	0
97-32-5	1
10595-95-6	0
28553-12-0	0
104-38-1	0
609-93-8	1
23783-42-8	0
85-60-9	1
374683-44-0	1
88-16-4	0
178631-05-5	0
105-30-6	0
122-80-5	0
50-84-0	0
60-11-7	0
72559-06-9	1
86-00-0	0
98-46-4	0
93-72-1	1
57-48-7	0
105-16-8	0
623-91-6	0
2304-30-5	0
1477-55-0	0
79-40-3	0
304680-36-2	1
105-58-8	0
5153-67-3	0
603-83-8	0
540-59-0	0
87-65-0	0
99-12-7	0
110-54-3	0
79-36-7	0
105-76-0	0
681-84-5	0
29911-28-2	0
4169-04-4	0
120-93-4	0
NOCAS_20326	0
106-20-7	0
13114-72-2	0
2461-18-9	0
6088-51-3	1
74-97-5	0
88-73-3	0
996-35-0	0
96-31-1	0
107-40-4	0
1476-11-5	0
40601-76-1	0
7727-21-1	0
471-53-4	1
106-95-6	0
95-51-2	0
2818-69-1	0
532-28-5	0
610-15-1	0
75-27-4	0
89-63-4	0
100-42-5	0
654057-97-3	1
97-63-2	0
109-79-5	0
1002-69-3	0
68915-31-1	0
10025-87-3	0
108-05-4	0
136-95-8	0
29911-27-1	0
536-90-3	1
612-23-7	1
75-52-5	0
90-13-1	0
107-05-1	1
792188-85-3	0
79-41-4	0
1338-24-5	1
93-97-0	0
53-96-3	1
26675-46-7	0
622-51-5	0
108-43-0	0
142-83-6	0
3113-71-1	0
5397-31-9	1
619-23-8	0
NOCAS_31209	0
91-57-6	0
542-88-1	0
79-22-1	0
178631-04-4	1
112-15-2	0
1572-52-7	0
115-70-8	0
2104-09-8	0
6138-79-0	0
108-86-1	0
3209-22-1	0
5437-38-7	0
620-22-4	0
76-43-7	1
926-06-7	0
74223-64-6	0
630-10-4	0
4568-28-9	1
118-29-6	0
1975-78-6	0
141-24-2	0
144-02-5	0
5970-45-6	0
109-69-3	0
1552-42-7	0
6533-68-2	0
546-80-5	0
6225-06-5	0
770-05-8	0
930-22-3	0
131-89-5	1
121-44-8	0
75-66-1	0
121-86-8	0
626-56-2	0
613-94-5	0
6294-89-9	0
504-29-0	0
102-28-3	0
2107-76-8	1
624-41-9	0
55268-75-2	0
2210-79-9	0
556-88-7	0
537-92-8	0
93-05-0	1
97-64-3	0
793-24-8	1
590-86-3	0
31127-54-5	0
879-39-0	0
5589-96-8	0
95-31-8	0
302-95-4	1
34176-52-8	1
598-91-4	0
29676-71-9	1
495-85-2	0
127-68-4	1
103-50-4	0
2493-84-7	1
75-89-8	0
55-55-0	1
500-64-1	0
1219-38-1	1
576-24-9	0
935-95-5	1
693-07-2	0
8001-35-2	1
75-96-7	0
64519-82-0	0
88-99-3	0
625-69-4	0
611-23-4	0
328-50-7	0
617-84-5	0
110-00-9	0
71133-14-7	0
67-52-7	0
25168-26-7	0
352-93-2	0
55566-30-8	0
27994-11-2	1
1641-17-4	0
591-35-5	1
95-55-6	1
119-33-5	1
8001-79-4	1
97-61-0	1
31138-65-5	0
89-69-0	0
105-34-0	0
13014-18-1	0
521-31-3	0
71888-89-6	0
110-88-3	0
68047-06-3	1
38716-68-6	0
82854-37-3	0
320-60-5	0
104-85-8	0
3132-99-8	0
515-40-2	0
563-41-7	0
1119-62-6	1
1984-58-3	0
605-71-0	0
98-08-8	0
1445-45-0	0
88-21-1	0
107-14-2	0
3586-14-9	0
90-41-5	1
110-86-1	0
853-23-6	1
112-73-2	0
926-57-8	0
393-75-9	1
6632-68-4	1
106-38-7	0
3322-93-8	0
123-91-1	0
2664-63-3	1
42019-78-3	1
610-66-2	0
107-19-7	0
2524-04-1	0
732304-21-1	0
615-28-1	0
91-58-7	0
111-18-2	0
110-46-3	0
107-02-8	0
101-79-1	1
521-18-6	1
4196-86-5	1
1679-64-7	0
1187-42-4	0
5131-58-8	0
6112-76-1	1
4316-74-9	0
621-33-0	0
NOCAS_21988	0
91-15-6	0
96-33-3	0
563-68-8	1
97-72-3	0
94-70-2	0
111-68-2	0
116-31-4	1
1074-82-4	0
120-37-6	0
101-53-1	1
83905-01-5	0
2905-65-9	0
1191-41-9	1
59820-43-8	0
111-78-4	0
6201-87-2	0
843-55-0	1
62-31-7	0
552-16-9	0
142-30-3	0
96-69-5	1
370865-89-7	0
95-78-3	0
109-99-9	0
121-47-1	0
14866-33-2	1
123-62-6	0
112-37-8	0
587-63-3	0
541-41-3	0
540-51-2	0
142-96-1	0
622-20-8	0
145022-44-2	0
84-76-4	0
63213-29-6	0
7320-37-8	0
15356-60-2	0
98-37-3	0
7757-82-6	0
6262-42-6	0
95-85-2	1
822-36-6	0
1623-08-1	0
40876-98-0	0
123-86-4	0
105-39-5	0
462-06-6	0
70831-56-0	0
87-99-0	0
203-64-5	0
545-06-2	0
100-50-5	0
624-83-9	0
174899-82-2	0
17540-75-9	0
634-93-5	0
100-41-4	0
2160-93-2	0
5324-84-5	0
1689-99-2	1
96-98-0	0
76-02-8	0
123-38-6	0
501-53-1	0
75-75-2	0
96-49-1	0
472-86-6	1
147-47-7	0
29927-08-0	1
574-06-1	0
104-93-8	0
6338-41-6	0
223437-11-4	0
2174-16-5	0
645-00-1	0
106-31-0	0
110-82-7	0
4074-88-8	1
611-19-8	0
513-88-2	0
99-94-5	0
78-92-2	0
121-90-4	0
870-72-4	0
13360-63-9	0
504-20-1	0
478-43-3	0
25155-23-1	0
654058-04-5	0
21285-46-1	0
100-74-3	0
262297-13-2	0
6138-23-4	0
71-41-0	0
108-10-1	0
630-20-6	0
89-65-6	0
127-20-8	0
106-42-3	0
79-11-8	0
NOCAS_24858	0
458-37-7	1
1663-39-4	0
137-17-7	0
589-38-8	0
481-40-3	0
4097-22-7	0
1141-38-4	0
41122-70-7	0
592-51-8	0
77-85-0	0
70-25-7	0
540-84-1	0
103-72-0	0
7493-63-2	0
2365-48-2	1
51-66-1	0
80-52-4	0
149-44-0	0
107-12-0	0
8021-39-4	0
14375-45-2	0
609-14-3	0
6864-37-5	1
142-28-9	0
76-01-7	0
483-84-1	0
32534-81-9	0
3048-64-4	0
4861-85-2	0
612-60-2	0
7177-48-2	0
1072-67-9	0
764-42-1	1
286-20-4	0
17924-92-4	1
994-05-8	1
592-45-0	0
56425-91-3	1
108-09-8	0
23541-50-6	1
7727-54-0	0
1562-94-3	0
620-92-8	1
488-41-5	0
520-18-3	1
542-02-9	0
495-48-7	0
75-15-0	0
835-11-0	1
75-33-2	0
111-16-0	0
13010-08-7	0
7756-96-9	0
3970-62-5	0
110-89-4	1
10563-29-8	1
25584-83-2	0
594-72-9	0
108-30-5	0
152-11-4	1
2645-07-0	0
79-94-7	1
19224-26-1	0
1634-04-4	0
107-94-8	0
517-28-2	1
630-16-0	0
6863-58-7	1
50-45-3	0
75-69-4	0
622-78-6	1
7779-30-8	0
1125-21-9	0
306-37-6	0
83-66-9	0
127-18-4	0
1002-84-2	1
60-19-5	0
105-59-9	0
82097-50-5	0
108-60-1	0
107-15-3	0
26538-44-3	1
52806-53-8	1
25134-21-8	0
17369-59-4	0
79-31-2	0
5407-04-5	1
77439-76-0	1
5613-46-7	1
533-31-3	1
142-82-5	0
78-83-1	0
328-42-7	0
26544-38-7	1
874-42-0	0
431-03-8	0
1009-61-6	0
2743-38-6	0
119-10-8	0
918-00-3	1
108-90-7	0
108-88-3	0
2941-64-2	0
4300-97-4	0
1975-50-4	0
1137-42-4	1
54150-69-5	0
3131-60-0	1
27813-02-1	0
134-32-7	0
17804-35-2	0
1119-40-0	0
533-74-4	1
94-80-4	0
121-92-6	0
2550-26-7	0
104-40-5	1
96-17-3	0
10540-29-1	1
5902-51-2	0
833-66-9	0
73-22-3	0
111-70-6	0
137-09-7	1
753-73-1	1
5332-73-0	0
95-49-8	0
10016-20-3	0
3068-88-0	0
115-96-8	0
55-18-5	0
95-53-4	1
123-92-2	0
62-23-7	0
68-12-2	0
72-55-9	1
57-91-0	1
80-33-1	0
384-22-5	0
108-44-1	0
123-42-2	0
20624-25-3	1
760-67-8	0
101-55-3	1
111-21-7	0
1703-58-8	0
51-30-9	0
576-26-1	0
95-87-4	0
133-06-2	1
636-21-5	0
124-07-2	0
92-15-9	1
330-55-2	0
957-51-7	0
3165-93-3	0
110-65-6	0
131-56-6	1
6728-26-3	0
929-06-6	1
106-37-6	0
4998-76-9	0
98-07-7	0
119-93-7	0
96-45-7	0
13684-63-4	0
72-54-8	1
599-64-4	1
97-65-4	0
77501-63-4	1
505-52-2	0
1115-20-4	0
2016-57-1	0
2437-25-4	0
87-56-9	1
115-95-7	0
2835-39-4	0
93-68-5	0
556-52-5	0
61702-44-1	1
120-82-1	0
619-17-0	0
98-87-3	0
140-49-8	0
77-83-8	0
693-98-1	0
112-56-1	0
99-62-7	0
94-81-5	0
112-50-5	0
29385-43-1	0
280-57-9	0
97-99-4	0
118-48-9	0
7775-27-1	0
1498-51-7	0
6959-47-3	0
121-73-3	0
99-51-4	1
150-78-7	0
79-44-7	0
111-27-3	0
91-53-2	0
1646-88-4	0
81335-77-5	0
95-32-9	1
577-11-7	1
100-70-9	0
123-01-3	0
1459-93-4	0
110-12-3	0
79-19-6	1
13048-33-4	1
99-57-0	0
1582-09-8	0
83-26-1	1
126-98-7	0
54464-57-2	0
1918-00-9	0
134-29-2	0
98-94-2	0
760-23-6	0
105-53-3	0
126-30-7	0
1738-25-6	0
2231-57-4	1
133-90-4	0
78-42-2	0
99-97-8	0
89-72-5	0
111-87-5	0
51218-45-2	1
2702-72-9	0
814-80-2	0
460-00-4	0
100-18-5	0
110-93-0	0
112-41-4	0
2016-88-8	0
141-32-2	0
81-20-9	0
101-61-1	0
1569-01-3	0
139-40-2	0
72178-02-0	1
6375-47-9	0
57-50-1	0
556-67-2	0
104-66-5	0
108-89-4	0
2855-13-2	0
3194-55-6	1
112-63-0	1
102-01-2	0
149-57-5	0
86-57-7	0
106-43-4	0
95-57-8	0
95-80-7	0
80-54-6	0
23950-58-5	0
834-12-8	0
124-13-0	0
1124-64-7	0
598-72-1	0
88-60-8	1
1120-71-4	0
1689-84-5	1
142-16-5	0
101-72-4	1
1747-60-0	0
87-62-7	0
106-93-4	0
818-61-1	0
26761-40-0	0
52918-63-5	0
534-07-6	0
20917-49-1	0
1702-17-6	0
108-65-6	0
25498-49-1	0
150-68-5	0
102-50-1	0
2244-16-8	0
88-75-5	0
108-21-4	0
486-66-8	1
98-56-6	0
919-30-2	0
15879-93-3	0
42874-03-3	0
719-32-4	0
34014-18-1	0
108-67-8	0
111-40-0	0
79-77-6	0
7747-35-5	0
86-30-6	0
103-33-3	0
26530-20-1	1
90-04-0	0
110-05-4	0
51-28-5	0
100-37-8	0
99-99-0	0
67747-09-5	1
1478-61-1	1
989-51-5	1
60207-90-1	1
111-11-5	0
69-72-7	0
147-24-0	1
13826-35-2	1
626-17-5	0
105-55-5	0
91-22-5	0
111-84-2	0
108-93-0	0
111-49-9	0
123-76-2	0
85509-19-9	1
110-98-5	0
43222-48-6	1
111-82-0	0
839-90-7	0
75-86-5	0
24468-13-1	0
106-14-9	1
135-20-6	0
106-91-2	0
91-66-7	0
634-66-2	0
20265-97-8	0
1122-62-9	0
54827-17-7	0
95-14-7	0
122-57-6	0
288-32-4	0
106-87-6	0
614-00-6	0
75-99-0	0
115-86-6	1
141-05-9	0
461-58-5	0
5419-55-6	0
98-52-2	1
2164-09-2	1
142-62-1	0
304-28-9	0
131-18-0	1
4098-71-9	0
117-79-3	0
554-00-7	0
95-65-8	0
125-31-5	1
624-92-0	0
79-06-1	0
84852-15-3	1
119-47-1	1
82657-04-3	0
39515-41-8	1
77-79-2	0
123-07-9	0
756-79-6	0
688-84-6	1
6915-15-7	0
123-18-2	0
135-76-2	0
17796-82-6	1
7659-86-1	0
520-36-5	1
119-36-8	1
95-95-4	1
1330-78-5	1
556-61-6	0
92-70-6	0
35554-44-0	1
97-16-5	1
103-24-2	1
124-02-7	0
86-29-3	0
830-13-7	0
137-32-6	0
1825-21-4	0
109-52-4	0
22781-23-3	0
94-11-1	0
120-14-9	0
613-13-8	1
97-86-9	1
76-06-2	0
625-45-6	0
2212-67-1	0
97-85-8	0
82558-50-7	1
107-30-2	0
512-56-1	0
108-98-5	0
2176-62-7	0
92-06-8	1
528-29-0	1
7757-79-1	0
122-78-1	1
112-07-2	0
4130-42-1	0
112-42-5	0
52645-53-1	0
56-93-9	0
63-92-3	1
120-83-2	0
623-17-6	0
99-04-7	0
143-50-0	1
78-51-3	1
70-55-3	0
99-63-8	0
989-38-8	1
2095-03-6	1
3089-11-0	0
2893-78-9	0
110-97-4	0
122-52-1	0
503-74-2	0
93-76-5	1
108-59-8	0
122-39-4	0
99-54-7	0
8007-70-3	0
111-46-6	0
21725-46-2	0
930-69-8	0
540-72-7	0
298-07-7	1
620-17-7	0
91-76-9	0
123-96-6	0
1461-22-9	1
20265-96-7	1
628-63-7	1
112-60-7	0
616-45-5	0
60168-88-9	1
76-03-9	0
13071-79-9	0
72-56-0	0
99-59-2	0
16219-75-3	0
85-01-8	0
563-47-3	0
300-76-5	0
3337-71-1	0
17689-77-9	1
55290-64-7	0
372-09-8	0
102-27-2	0
126-86-3	0
1760-24-3	0
462-08-8	0
25360-10-5	0
117-80-6	1
34590-94-8	1
141-86-6	0
118-75-2	1
134-20-3	0
78-70-6	0
100-21-0	0
2451-62-9	1
91-08-7	0
131-16-8	0
62-75-9	0
122-42-9	0
51235-04-2	0
4433-79-8	0
93-65-2	0
553-26-4	0
100-54-9	0
107-87-9	0
2530-83-8	0
7773-06-0	0
683-18-1	1
36734-19-7	1
20830-75-5	1
23564-05-8	0
142-09-6	0
82-28-0	0
103-85-5	0
326-61-4	0
94-52-0	0
58-08-2	0
1897-45-6	1
74115-24-5	0
79917-90-1	0
590-01-2	0
3622-84-2	0
109-06-8	0
2867-47-2	0
7398-69-8	0
5131-60-2	1
110-80-5	0
4083-64-1	0
629-76-5	1
81-90-3	0
111-42-2	0
86-74-8	0
379-79-3	1
96-29-7	0
95-94-3	0
156-10-5	1
2425-06-1	1
135-57-9	1
1445-75-6	0
107-46-0	0
89-32-7	0
111-85-3	0
68-11-1	0
25155-30-0	1
110-44-1	0
563-80-4	0
4792-15-8	0
101-77-9	0
192-97-2	0
87-68-3	0
107-04-0	0
463-40-1	1
97-42-7	0
84-74-2	0
3724-65-0	0
23135-22-0	0
120-55-8	0
2489-77-2	0
1918-16-7	1
110-19-0	0
2971-36-0	1
90-02-8	0
25564-22-1	0
2530-85-0	1
117-08-8	0
111-30-8	0
80-09-1	0
1646-87-3	0
2426-08-6	0
108-22-5	0
496-72-0	1
98-95-3	0
94-75-7	0
510-15-6	1
104-91-6	0
55-80-1	0
3689-24-5	0
110-42-9	0
112-55-0	0
96-05-9	0
7785-26-4	0
933-75-5	1
529-20-4	0
607-57-8	0
103-69-5	0
90-12-0	0
110-17-8	0
513-37-1	1
85-02-9	0
116-16-5	0
709-98-8	1
103-34-4	1
3709-43-1	0
608-73-1	1
111-20-6	0
124-68-5	0
15214-89-8	0
61-82-5	0
120-58-1	0
121-14-2	0
110-69-0	0
105-67-9	0
4553-62-2	0
91-44-1	1
112-52-7	0
57-83-0	1
119-64-2	0
3290-92-4	0
1114-71-2	0
69806-40-2	1
126-72-7	1
111-88-6	0
85-41-6	0
1724-39-6	0
24549-06-2	0
107-98-2	0
14371-10-9	0
57-97-6	1
1212-29-9	1
116-53-0	0
92-48-8	0
57-55-6	0
121-69-7	0
54-11-5	0
2303-17-5	0
138-86-3	0
479500-35-1	0
112-35-6	0
108-01-0	0
25013-16-5	0
89-78-1	0
15299-99-7	1
208-96-8	0
140-11-4	0
51333-22-3	1
583-39-1	0
123-33-1	0
111-14-8	0
526-75-0	0
93-58-3	0
121-17-5	0
206-44-0	0
680-31-9	0
67614-33-9	1
50594-66-6	1
41317-15-1	0
112-72-1	0
117-83-9	0
625-55-8	0
5216-25-1	0
120-36-5	0
123-77-3	0
2058-46-0	0
544-63-8	0
95-16-9	0
606-20-2	0
3296-90-0	0
117-82-8	0
26472-00-4	0
621-64-7	0
1330-61-6	0
615-54-3	0
118-82-1	0
55406-53-6	1
638-38-0	0
101-21-3	0
98-57-7	0
434-13-9	1
118-58-1	0
95-74-9	0
126-73-8	0
62-56-6	0
84-66-2	0
2164-17-2	0
90-16-4	0
19666-30-9	1
88-85-7	1
5026-74-4	1
124-18-5	0
7705-08-0	0
694-83-7	0
135-19-3	1
143-22-6	1
318-98-9	1
583-78-8	0
96-23-1	0
135-88-6	1
67-47-0	0
584-13-4	0
25152-84-5	1
90-72-2	0
40487-42-1	1
2783-94-0	0
2044-64-6	0
100-20-9	0
124-22-1	1
868-85-9	0
919-31-3	0
142-90-5	0
5329-14-6	0
612-83-9	1
120-71-8	0
609-20-1	0
98-16-8	0
137-30-4	1
76-44-8	1
627-93-0	0
32809-16-8	0
97-90-5	0
88671-89-0	1
25377-73-5	1
2216-51-5	0
95-93-2	0
115-77-5	0
51580-86-0	0
99-07-0	0
78-82-0	0
58-90-2	1
99-87-6	0
66-25-1	0
78-48-8	0
5809-23-4	1
1143-72-2	1
50-70-4	0
2409-55-4	0
528-44-9	0
616-38-6	0
108-39-4	0
75-12-7	0
123-11-5	0
99-55-8	0
156-43-4	1
82-68-8	0
934-32-7	0
25057-89-0	0
122-20-3	0
2467-03-0	1
693-23-2	0
1563-66-2	0
97-00-7	1
124-17-4	0
1563-38-8	0
12108-13-3	0
98-11-3	0
131-17-9	0
759-94-4	0
86-50-0	1
108-99-6	0
112-80-1	0
114-26-1	0
35367-38-5	0
17696-61-6	1
128-04-1	1
328-84-7	0
103-76-4	0
107-41-5	0
1809-19-4	0
100-63-0	1
3268-49-3	0
1260-17-9	0
100-47-0	0
2461-15-6	0
91-23-6	0
1912-24-9	0
133-07-3	1
5234-68-4	0
94-62-2	1
538-93-2	0
103-09-3	0
2807-30-9	0
2814-20-2	0
66-71-7	1
83-41-0	0
3319-31-1	0
91-20-3	0
56-38-2	0
21087-64-9	0
76578-14-8	1
81335-37-7	0
81741-28-8	1
579-66-8	0
3926-62-3	0
109-60-4	0
3033-62-3	0
79-92-5	0
592-31-4	0
1300-72-7	0
1634-78-2	0
1570-64-5	0
87-25-2	0
106-51-4	0
96-18-4	0
3524-68-3	1
536-60-7	0
15721-02-5	1
13593-03-8	1
106-25-2	0
77-78-1	0
2050-47-7	0
101-02-0	0
101-80-4	1
1929-82-4	0
88-06-2	1
107-21-1	0
473-55-2	0
88-18-6	1
141-17-3	0
27314-13-2	0
2436-90-0	0
262-12-4	0
2312-35-8	1
108-32-7	0
109-55-7	0
77-71-4	0
37143-54-7	0
77-06-5	0
103-11-7	1
24295-03-2	0
89-62-3	0
108-38-3	0
50-28-2	1
584-84-9	1
56-55-3	0
102-71-6	0
93-46-9	0
37764-25-3	0
552-30-7	0
947-04-6	0
78491-02-8	0
58-89-9	0
104-76-7	0
309-00-2	1
90-30-2	1
111-44-4	0
532-27-4	0
107-13-1	0
56-81-5	0
76738-62-0	0
141-79-7	0
59-02-9	0
886-50-0	1
111-55-7	0
78-67-1	0
142-84-7	0
18328-90-0	0
124-09-4	0
105-87-3	0
91-59-8	0
113-92-8	1
5392-40-5	0
66-27-3	0
123-05-7	0
127-17-3	0
491-80-5	1
1610-18-0	0
10081-67-1	0
13171-21-6	0
112-00-5	1
98-00-0	0
23386-52-9	0
24800-44-0	0
112-25-4	0
108-45-2	0
51-17-2	0
92-52-4	0
96-09-3	0
87-61-6	0
603-35-0	0
95-76-1	1
132-64-9	0
16672-87-0	0
106-22-9	0
90-15-3	1
108-94-1	0
144-62-7	0
828-00-2	0
112-53-8	0
121-32-4	0
12645-31-7	1
6807-17-6	1
138-89-6	1
3883-43-0	0
87-86-5	1
59-89-2	0
7775-09-9	0
2516-40-7	0
78-90-0	0
140-08-9	0
119-84-6	0
10453-86-8	1
6459-94-5	1
86-73-7	0
1675-54-3	1
106-49-0	0
100-64-1	0
101-54-2	1
131-11-3	0
112-59-4	0
7789-21-1	0
13547-70-1	0
143-07-7	1
7328-97-4	1
759-73-9	0
20325-40-0	1
1936-15-8	0
7632-00-0	0
689-67-8	0
95-50-1	0
57-13-6	1
610-39-9	1
50471-44-8	1
59756-60-4	0
108-19-0	0
110-43-0	0
13473-26-2	1
13674-87-8	1
28804-88-8	0
120-95-6	1
15625-89-5	1
60-33-3	1
24851-98-7	0
111-71-7	0
127-19-5	0
133-18-6	1
132-98-9	0
10030-73-6	0
541-73-1	1
13463-41-7	1
108-68-9	0
81-81-2	0
111-69-3	0
79277-27-3	0
10043-35-3	0
112-30-1	0
80-26-2	0
106-65-0	0
121-03-9	0
98-01-1	0
19248-13-6	1
32388-55-9	0
139-13-9	0
612-82-8	1
1596-84-5	0
1917-15-3	0
7534-94-3	1
105-60-2	1
30560-19-1	0
15972-60-8	1
822-06-0	0
590-17-0	0
112-70-9	0
334-48-5	0
85-43-8	0
2050-92-2	0
139-02-6	0
19438-61-0	0
118-71-8	0
98730-04-2	1
79-24-3	0
92-69-3	1
77-40-7	1
89-87-2	0
91-94-1	1
542-76-7	0
120-12-7	0
116-06-3	0
33820-53-0	0
10108-64-2	1
140-31-8	0
103-23-1	0
87-02-5	1
117-84-0	0
556-82-1	0
24615-84-7	0
108-42-9	0
109-16-0	0
789-02-6	1
110-85-0	0
13029-08-8	1
110-63-4	0
60-51-5	0
121-39-1	0
12674-11-2	0
57-06-7	0
10265-92-6	0
111-64-8	0
527-60-6	0
136-35-6	1
88-44-8	0
126-00-1	1
558-37-2	0
33229-34-4	0
25340-17-4	0
7487-94-7	1
3452-97-9	0
97-56-3	1
96-24-2	0
58-33-3	1
1083-27-8	1
2425-79-8	0
120-61-6	0
1861-40-1	0
6484-52-2	0
94-74-6	0
2416-94-6	0
262-20-4	0
94-28-0	0
101-84-8	0
673-84-7	1
77-47-4	0
27138-31-4	0
79-39-0	0
4180-23-8	0
109-09-1	0
87-51-4	0
7664-38-2	0
121-79-9	1
614-45-9	0
131-55-5	0
108-03-2	0
319-85-7	0
100-00-5	0
75-62-7	0
7790-98-9	0
2310-17-0	1
10605-21-7	0
68515-48-0	0
631-64-1	0
94-60-0	0
836-30-6	1
101-86-0	0
27178-16-1	0
298-00-0	0
142-04-1	0
95-48-7	0
7778-50-9	1
117-39-5	1
1948-33-0	1
1470-79-7	1
594-20-7	0
78-59-1	0
99-56-9	1
85-70-1	0
120-80-9	1
3252-43-5	0
96-76-4	1
25265-71-8	0
993-16-8	0
122-66-7	0
27193-28-8	1
6317-18-6	1
90-00-6	0
11013-97-1	0
98-51-1	0
107534-96-3	1
924-16-3	0
55285-14-8	1
2465-27-2	1
7287-19-6	1
115-28-6	0
111-96-6	0
99-30-9	1
99-96-7	0
298-04-4	0
1067-53-4	0
29590-42-9	1
93-15-2	0
50-14-6	1
500-66-3	1
872-50-4	0
509-14-8	0
5153-25-3	1
142-46-1	0
930-55-2	0
484-20-8	0
123-09-1	0
92-87-5	0
28249-77-6	0
108-80-5	0
104-15-4	0
115-29-7	1
1852-16-0	0
39515-51-0	0
1571-08-0	0
6959-48-4	0
88-74-4	0
838-88-0	1
87-66-1	0
732-26-3	0
61445-50-9	1
121-66-4	0
91-62-3	0
108-91-8	0
205-99-2	1
107-92-6	0
2921-88-2	0
118-52-5	0
80-43-3	1
140-67-0	0
2386-87-0	0
75-47-8	0
78-69-3	0
99-75-2	0
2227-13-6	0
88-72-2	0
622-97-9	0
116-29-0	1
132-32-1	1
111-76-2	0
83-32-9	0
64-67-5	0
65-85-0	0
112-34-5	0
77-92-9	0
108-83-8	0
56-53-1	1
107-88-0	0
2778-42-9	1
542-56-3	0
109-02-4	0
90-43-7	0
90-94-8	1
156-60-5	0
84-75-3	0
98-86-2	0
55589-62-3	0
311-45-5	1
112-05-0	0
999-97-3	0
84-69-5	0
110-64-5	0
627-03-2	0
4075-81-4	0
123-17-1	0
99-08-1	1
95-33-0	1
104-94-9	1
1836-75-5	0
94-59-7	0
112-27-6	0
68-26-8	1
119-90-4	0
100-02-7	0
34256-82-1	1
145-73-3	0
100-51-6	0
110-94-1	0
108-77-0	0
110-91-8	0
693-13-0	0
111-65-9	0
7085-85-0	0
6846-50-0	0
2772-45-4	1
1118-46-3	0
106-40-1	1
504-88-1	0
26628-22-8	0
88-12-0	0
78-40-0	0
3160-37-0	1
79-00-5	0
107-06-2	0
26780-96-1	0
130-17-6	0
68631-49-2	1
35065-27-1	0
89-86-1	0
625-86-5	0
19780-11-1	1
129-15-7	1
67-63-0	0
16323-43-6	0
91-93-0	0
619-66-9	0
75-07-0	1
67-64-1	0
75-05-8	0
25316-40-9	1
1397-89-3	1
1393-63-1	0
532-82-1	1
71-43-2	0
12083-48-6	1
13319-75-0	0
123-72-8	0
1306-19-0	0
8024-48-4	0
67-66-3	0
327-97-9	0
NOCAS_24824	1
NOCAS_33326	1
1066-30-4	0
481-74-3	0
10026-24-1	1
1277-43-6	0
98-82-8	0
8003-22-3	0
53-70-3	0
109-89-7	0
11024-24-1	1
992-59-6	1
3648-20-2	0
64-17-5	0
141-78-6	0
140-88-5	0
102-54-5	0
90045-36-6	0
107-22-2	0
39025-23-5	1
67-56-1	0
115-09-3	1
7220-79-3	1
75-09-2	0
1271-28-9	0
93-83-4	1
105-06-6	0
10026-13-8	0
25703-79-1	0
13889-92-4	0
149845-06-7	1
7789-38-0	0
361-09-1	0
7789-12-0	1
7681-38-1	0
11099-03-9	1
8046-19-3	0
21850-44-2	0
17831-71-9	1
1271-19-8	0
79-01-6	0
9002-93-1	1
67-97-0	1
500-62-9	0
218-01-9	0
101200-48-0	0
67701-03-5	0
108-20-3	0
80-10-4	0
89-08-7	0
25167-70-8	0
112-02-7	1
121-60-8	0
142-72-3	0
638-65-3	0
825-90-1	0
2235-54-3	1
2524-03-0	0
3327-22-8	0
5039-78-1	0
5165-97-9	0
5460-09-3	0
7351-61-3	0
44992-01-0	0
52556-42-0	0
68391-01-5	1
70321-86-7	0
75-59-2	0
515-74-2	0
2768-02-7	0
6258-06-6	0
25327-89-3	0
40372-72-3	1
109-53-5	0
7720-78-7	0
16872-11-0	0
81-49-2	0
28300-74-5	1
531-85-1	1
10043-52-4	0
538-41-0	1
598-64-1	1
142-59-6	0
14484-64-1	1
1121-92-2	0
56-49-5	0
13927-77-0	0
10101-97-0	0
7631-99-4	0
59536-65-1	0
7446-08-4	0
7411-49-6	1
7772-99-8	0
900-95-8	1
136-23-2	1
84449-90-1	1
367522-96-1	0
24140-30-5	1
3132-64-7	0
4655-34-9	0
555-30-6	0
8052-41-3	0
2179-59-1	0
701921-71-3	1
460092-03-9	1
20445-94-7	0
765910-73-4	0
174899-83-3	0
65039-05-6	0
174899-66-2	0
359845-21-9	0
174501-65-6	0
188589-32-4	1
171058-18-7	1
362043-46-7	1
169051-76-7	0
218151-78-1	0
70862-65-6	1
61546-00-7	0
244193-59-7	1
404001-52-1	1
174899-90-2	0
81995-09-7	1
98892-76-3	0
292140-86-4	0
65039-08-9	0
307492-75-7	0
174899-72-0	0
342573-75-5	0
145022-45-3	0
516474-01-4	0
412009-61-1	0
35935-34-3	0
143314-16-3	0
328090-25-1	0
219947-95-2	0
244193-64-4	1
404001-50-9	1
382150-50-7	1
244193-50-8	0
374564-83-7	0
219947-96-3	1
61545-99-1	1
119171-18-5	0
85100-76-1	0
244193-48-4	0
79917-89-8	0
404001-49-6	1
216300-12-8	0
171058-21-2	1
219947-94-1	0
623580-02-9	0
886439-34-5	0
94280-72-5	0
1357500-93-6	0
1257647-66-7	0
608140-12-1	0
37971-78-1	0
88840-42-0	0
1426821-81-9	0
17874-63-4	1
879866-95-2	0
1221445-34-6	0
26576-84-1	0
286453-46-1	0
112400-85-8	0
1770850-20-8	0
1268986-44-2	0
26576-85-2	0
13311-31-4	0
125652-55-3	0
845835-03-2	0
65350-59-6	0
258273-67-5	0
112400-86-9	1
597581-48-1	0
401788-99-6	0
857841-32-8	0
32353-64-3	0
343952-33-0	0
882172-79-4	0
874-81-7	0
203389-28-0	0
390423-43-5	0
1906-79-2	1
3878-80-6	0
872-90-2	0
350-48-1	0
7324-00-7	0
474368-70-2	0
623167-81-7	0
93457-69-3	0
345984-11-4	0
117947-85-0	0
69227-51-6	0
893443-18-0	0
608140-09-6	0
528818-82-8	0
327022-58-2	0
56511-19-4	0
1224852-54-3	0
817629-57-5	1
100-11-8	0
10022-31-8	0
101-85-9	0
109-64-8	0
110-53-2	0
111-24-0	0
111-25-1	0
1118-71-4	0
112-71-0	0
112-82-3	0
116-26-7	0
1166-52-5	1
120-29-6	0
103-30-0	0
100-65-2	0
821-06-7	0
84776-26-1	0
10039-54-0	0
2439-10-3	0
191-24-2	0
544-92-3	0
294-62-2	0
137-40-6	0
60-00-4	0
108-82-7	0
112-75-4	0
112-88-9	0
127-08-2	0
127-09-3	0
136-51-6	0
142-73-4	0
142-77-8	0
526-95-4	0
563-72-4	0
582-25-2	0
629-73-2	0
4860-03-1	0
5281-04-9	0
5421-46-5	1
6289-46-9	0
6419-19-8	0
7446-81-3	0
10595-72-9	0
19355-69-2	0
24634-61-5	0
25321-09-9	0
92-94-4	0
68584-22-5	1
28777-98-2	0
32360-05-7	0
52829-07-9	0
68937-41-7	1
86508-42-1	0
112-39-0	0
840-65-3	0
2825-82-3	0
6923-52-0	0
9005-00-9	0
15721-78-5	0
299-27-4	0
590-29-4	0
1633-05-2	0
7783-18-8	0
3012-65-5	0
7787-59-9	0
137-29-1	1
139-05-9	0
140-79-4	0
971-15-3	1
1313-27-5	0
5632-47-3	0
3564-09-8	0
915-67-3	0
632-99-5	1
6385-58-6	1
1746-01-6	0
54-12-6	0
124-25-4	1
921-03-9	1
85100-77-2	0
143314-14-1	0
10377-48-7	0
1210-39-5	1
130-61-0	1
13706-86-0	0
13820-41-2	1
14075-53-7	0
1450-85-7	1
14897-39-3	1
14933-08-5	1
15646-46-5	0
1634-02-2	0
19285-83-7	0
1934-75-4	0
2009-83-8	0
203866-13-1	0
2370-63-0	0
2417-72-3	0
2473-01-0	0
25389-94-0	0
27072-45-3	0
2892-51-5	0
2973-80-0	1
326-06-7	1
3344-77-2	1
34841-35-5	0
350-30-1	0
3508-00-7	0
35578-47-3	0
36727-29-4	0
371-40-4	0
3789-59-1	0
3934-20-1	0
3938-95-2	0
41372-20-7	1
4282-42-2	0
4292-19-7	0
492-94-4	0
497-03-0	0
51-42-3	0
51934-41-9	0
525-76-8	0
534-85-0	1
5392-28-9	0
54029-45-7	1
544-77-4	0
55-48-1	0
56-18-8	1
562-49-2	0
589-10-6	0
589-34-4	0
590-47-6	0
592-42-7	0
600-22-6	0
60-82-2	1
614-39-1	0
616-09-1	0
620-14-4	0
621-59-0	0
623-39-2	0
623-51-8	1
629-72-1	0
638-45-9	0
6579-54-0	0
693-58-3	0
693-67-4	0
6940-78-9	0
73367-80-3	0
7447-39-4	0
764-85-2	0
765-09-3	0
7787-56-6	0
818-72-4	0
874-23-7	0
207234-00-2	0
91-56-5	0
92-43-3	1
92841-65-1	0
93-91-4	0
93-99-2	0
96-37-7	0
97-96-1	0
16452-01-0	0
1504-74-1	1
602-38-0	1
96-91-3	1
26444-49-5	1
1271-24-5	0
51-65-0	0
1291-32-3	0
88-23-3	0
127-85-5	0
480-22-8	0
101-70-2	0
39511-08-5	0
2206-89-5	0
463-04-7	0
636-26-0	0
2243-61-0	1
605-32-3	1
81-48-1	0
81103-11-9	0
92146-82-2	0
96568-04-6	0
2510-55-6	0
253-52-1	0
2693-46-1	1
2835-97-4	1
2835-99-6	1
290-37-9	0
321-60-8	0
3331-46-2	1
333-27-7	0
367-12-4	0
3764-01-0	0
420-12-2	0
4584-57-0	0
486-25-9	0
491-36-1	1
50438-75-0	0
523-27-3	0
533-75-5	1
5401-94-5	0
541-59-3	1
544-16-1	0
5502-78-3	0
552-89-6	0
555-16-8	0
56-05-3	0
16423-68-0	0
573-17-1	0
573-58-0	1
59-49-4	0
609-15-4	0
611-09-6	0
63041-77-0	1
6674-22-2	0
670-54-2	0
70-11-1	0
723-62-6	0
7364-25-2	0
75-55-8	0
77-53-2	0
781-73-7	0
82-86-0	1
84-79-7	1
90-44-8	1
91-19-0	0
935-69-3	0
938-85-2	0
994-28-5	0
99-61-6	0
2039-76-1	1
2735-04-8	1
1564-64-3	0
4752-10-7	0
17135-78-3	0
10373-78-1	0
10527-16-9	0
1210-12-4	1
131-09-9	0
1468-95-7	0
20535-83-5	0
215-58-7	0
1689-82-3	1
13520-92-8	0
5470-11-1	0
153-78-6	0
1455-77-2	0
1640-39-7	0
120-75-2	0
1222-98-6	0
10102-18-8	0
104-98-3	0
65055-17-6	0
56803-37-3	1
29761-21-5	1
13674-84-5	0
78-30-8	1
95-83-0	1
148-24-3	1
525-82-6	1
98-29-3	1
90-05-1	0
85-68-7	1
80-05-7	1
112-69-6	0
118-74-1	0
137-16-6	0
2437-56-1	0
3386-33-2	0
518-82-1	1
538-75-0	1
56-35-9	1
86-88-4	0
87-82-1	0
NOCAS_49445	0
NOCAS_49446	0
NOCAS_49447	0
NOCAS_49448	0
NOCAS_49449	0
NOCAS_49450	0
NOCAS_49451	0
NOCAS_49452	0
NOCAS_49453	0
NOCAS_49454	0
NOCAS_49455	0
NOCAS_49456	0
NOCAS_49457	0
NOCAS_49458	0
NOCAS_49459	0
NOCAS_49460	0
NOCAS_49461	0
NOCAS_49462	0
NOCAS_49463	0
NOCAS_49464	0
NOCAS_49465	0
NOCAS_49466	0
NOCAS_49467	0
NOCAS_49468	0
NOCAS_49469	0
NOCAS_49470	0
NOCAS_49471	0
NOCAS_49472	0
NOCAS_49473	0
NOCAS_49474	0
NOCAS_49475	0
NOCAS_49476	0
NOCAS_49477	0
NOCAS_49478	0
NOCAS_49479	0
NOCAS_49480	0
NOCAS_49481	0
NOCAS_49482	0
NOCAS_49483	0
NOCAS_49484	0
NOCAS_49485	0
NOCAS_49486	0
NOCAS_49487	0
NOCAS_49488	0
NOCAS_49489	0
NOCAS_49490	0
NOCAS_49491	0
NOCAS_49492	0
NOCAS_49493	0
NOCAS_49494	0
NOCAS_49495	0
NOCAS_49496	0
NOCAS_49497	0
NOCAS_49498	0
NOCAS_49499	0
NOCAS_49500	0
NOCAS_49501	0
NOCAS_49502	0
NOCAS_49503	0
NOCAS_49504	0
NOCAS_49505	0
NOCAS_49506	0
NOCAS_49507	0
NOCAS_49508	0
NOCAS_49509	0
NOCAS_49510	0
NOCAS_49511	0
NOCAS_49512	0
NOCAS_49513	0
NOCAS_49514	1
NOCAS_49515	1
NOCAS_49516	1
NOCAS_49517	1
NOCAS_49518	1
NOCAS_49519	0
NOCAS_49520	0
NOCAS_49521	0
NOCAS_49522	0
NOCAS_49523	0
NOCAS_49524	0
NOCAS_49525	0
NOCAS_49526	0
NOCAS_49527	0
NOCAS_49528	1
NOCAS_49529	1
NOCAS_49530	1
NOCAS_49531	1
NOCAS_49532	1
NOCAS_49533	1
NOCAS_49534	1
NOCAS_49535	1
NOCAS_49536	1
NOCAS_49537	1
NOCAS_49538	0
NOCAS_49539	1
NOCAS_49540	1
NOCAS_49541	1
NOCAS_49542	0
NOCAS_49543	0
NOCAS_49544	1
NOCAS_49545	1
NOCAS_49546	1
NOCAS_49547	1
NOCAS_49548	1
NOCAS_49549	1
NOCAS_49550	0
NOCAS_49551	0
NOCAS_49552	0
NOCAS_49553	0
NOCAS_49554	0
NOCAS_49555	0
NOCAS_49556	0
NOCAS_49557	0
NOCAS_49558	0
NOCAS_49559	0
NOCAS_49560	0
NOCAS_49561	0
NOCAS_49562	0
71-55-6	0
77-93-0	0
107-07-3	0
110-62-3	0
104-67-6	0
105-54-4	0
4418-26-2	0
1120-21-4	0
1401-55-4	1
121-00-6	0
10222-01-2	0
116-25-6	0
288-88-0	0
532-32-1	0
52-51-7	0
3811-73-2	1
60-54-8	0
127-51-5	0
87-69-4	0
77-48-5	0
6381-77-7	0
105-99-7	0
1929-77-7	0
563-12-2	1
3033-77-0	0
78-63-7	0
79-16-3	0
26172-55-4	0
139340-56-0	1
NOCAS_47248	1
221246-12-4	1
145742-28-5	1
186392-65-4	1
199171-88-5	1
220860-50-4	0
NOCAS_47255	0
127308-82-1	1
461023-63-2	0
180084-01-9	1
184653-84-7	0
NOCAS_47325	0
NOCAS_47311	1
200940-23-4	1
139149-55-6	1
196808-45-4	1
263553-33-9	1
864283-48-7	0
219790-72-4	0
444610-91-7	1
313994-79-5	1
NOCAS_47328	1
NOCAS_47330	1
331623-06-4	0
262376-75-0	1
181640-09-5	1
264618-44-2	0
NOCAS_47342	1
159138-81-5	0
NOCAS_47346	0
155990-20-8	1
742693-38-5	1
464930-42-5	1
NOCAS_47353	1
189003-92-7	1
473289-62-2	0
288104-79-0	1
439687-69-1	1
298198-52-4	0
929601-09-2	1
NOCAS_47362	1
139290-65-6	0
1075752-90-7	1
NOCAS_47366	1
344930-95-6	1
221671-62-1	1
725228-45-5	1
478263-98-8	1
477706-73-3	1
862243-29-6	0
648917-13-9	0
NOCAS_47377	1
NOCAS_47379	1
1437319-46-4	0
NOCAS_47385	0
NOCAS_47387	1
433212-21-6	1
1068967-96-3	1
NOCAS_47333	0
NOCAS_47334	1
851916-42-2	0
1061517-62-1	1
65277-42-1	1
81131-70-6	0
57-30-7	0
1034-01-1	1
826-62-0	0
80-15-9	0
123-25-1	0
33703-08-1	0
8018-01-7	1
58394-64-2	0
534-52-1	1
66456-53-9	0
91082-17-6	0
7378-99-6	0
123-35-3	0
141-04-8	0
4455-26-9	0
2687-96-9	1
1191-50-0	1
4151-50-2	0
80844-07-1	0
1861-32-1	0
375-95-1	1
1120-01-0	1
106-30-9	0
106-27-4	0
88-58-4	1
1338-43-8	0
96-70-8	1
3855-32-1	0
25956-17-6	0
307-24-4	0
19774-82-4	1
3871-99-6	0
678-39-7	0
298-02-2	0
4904-61-4	0
27955-94-8	1
1646-75-9	0
2155-70-6	1
86479-06-3	0
754-91-6	0
23779-32-0	0
15310-01-7	1
2104-64-5	0
124378-77-4	0
149062-75-9	0
177785-47-6	1
207736-05-8	0
349495-42-7	0
171866-31-2	0
NOCAS_47265	0
230954-09-3	0
NOCAS_47267	0
104795-68-8	1
253450-09-8	1
676116-04-4	1
249296-43-3	1
113734-18-2	0
194098-25-4	0
361343-19-3	1
214535-77-0	0
261947-38-0	0
289716-94-5	1
353280-07-6	0
445295-04-5	0
368832-42-2	0
478149-53-0	0
527680-56-4	0
123122-55-4	0
197077-55-7	0
203942-49-8	1
215297-27-1	1
402910-27-4	1
NOCAS_47291	0
NOCAS_47292	0
668981-02-0	1
291305-06-1	1
134002-60-1	0
NOCAS_47299	0
210826-40-7	0
179465-71-5	1
135080-03-4	1
NOCAS_47305	0
290352-28-2	0
501027-49-2	1
158081-99-3	1
162706-14-1	0
NOCAS_47349	1
NOCAS_47381	1
35256-85-0	0
824-78-2	0
544-76-3	0
69-74-9	0
2634-33-5	1
112-49-2	0
136-60-7	0
104-51-8	0
114-07-8	0
3844-45-9	1
69-09-0	1
647-42-7	0
82469-79-2	0
2432-87-3	0
6624-73-3	0
22915-73-7	0
1303-11-3	0
68515-49-1	0
629-62-9	0
98-06-6	0
2795-39-3	1
134-03-2	0
103-65-1	0
57-74-9	1
5915-41-3	0
24602-86-6	0
2385-85-5	0
27323-41-7	1
3825-26-1	1
4291-63-8	0
7173-51-5	1
82385-42-0	0
2058-94-8	0
2144-53-8	0
335-76-2	1
2043-57-4	0
3739-38-6	0
72-20-8	0
375-85-9	1
5315-79-7	1
484-17-3	1
2550-40-5	0
85532-75-8	1
1024-57-3	1
117428-22-5	1
2528-16-7	0
54-62-6	1
6344-67-8	1
41481-66-7	1
NOCAS_47394	0
105624-86-0	1
4449-51-8	0
110235-47-7	1
166412-78-8	0
53894-23-8	0
89-04-3	0
10025-91-9	1
10094-34-5	0
23031-36-9	1
68359-37-5	0
10024-93-8	0
3775-55-1	1
1081-34-1	0
1076-97-7	0
51707-55-2	1
2683-43-4	0
103112-35-2	1
454-92-2	0
180-84-7	0
83-42-1	0
102-87-4	0
2876-78-0	0
1824-81-3	0
101-27-9	1
102-70-5	0
941-69-5	1
3025-30-7	1
101-48-4	0
101-10-0	0
102-96-5	1
420-04-2	0
6153-64-6	0
57966-95-7	0
25606-41-1	0
102268-15-5	0
128-95-0	1
79983-71-4	1
112410-23-8	1
120-46-7	1
100-06-1	0
335-67-1	1
102-20-5	0
1124-33-0	1
14979-39-6	0
646-06-0	0
29091-21-2	1
111988-49-9	0
129630-19-9	0
5598-13-0	1
1014-70-6	0
207569-02-6	0
136-32-3	1
87674-68-8	1
100-10-7	0
14901-07-6	0
6192-52-5	0
7540-51-4	0
122-03-2	0
140-95-4	0
95737-68-1	0
3260-85-3	0
29232-93-7	0
7681-65-4	0
1698-60-8	0
102851-06-9	0
173584-44-6	0
105512-06-9	0
2642-82-2	1
144550-36-7	0
1000-05-1	0
136-45-8	0
741-58-2	1
10319-14-9	0
4376-18-5	0
6734-80-1	0
101-37-1	0
84087-01-4	0
2675-77-6	0
100-48-1	0
1420-07-1	1
122-88-3	0
50-31-7	0
504-63-2	0
10217-34-2	0
41198-08-7	1
1007-28-9	0
76-87-9	1
702-23-8	0
100-85-6	0
1009-93-4	0
142-18-7	1
2008-41-5	0
57754-85-5	0
101463-69-8	0
145701-21-9	0
207386-92-3	0
75-60-5	0
618-88-2	0
111-94-4	0
10325-94-7	1
24307-26-4	0
88-86-8	0
60-35-5	0
23422-53-9	0
51338-27-3	1
102121-60-8	1
14233-37-5	0
1031-07-8	1
102-40-9	0
66230-04-4	0
113-48-4	1
155569-91-8	1
120116-88-3	1
513-85-9	0
1194-65-6	0
101-41-7	0
13360-45-7	0
10311-84-9	1
114369-43-6	1
10258-54-5	0
10052-47-8	0
2425-77-6	0
4940-11-8	0
10281-55-7	0
6923-22-4	0
53112-28-0	0
1825-19-0	0
101-97-3	0
10339-55-6	0
102-79-4	0
10124-37-5	0
18829-56-6	0
826-36-8	0
83164-33-4	0
10025-74-8	0
103-29-7	0
87546-18-7	0
117718-60-2	0
3658-77-3	0
361377-29-9	1
24934-91-6	0
12427-38-2	1
98967-40-9	0
21662-09-9	0
68169-03-9	0
42509-80-8	0
117337-19-6	0
68052-23-3	1
33956-49-9	1
140-38-5	0
71751-41-2	1
10326-41-7	0
124495-18-7	1
104-54-1	0
123343-16-8	0
121-61-9	0
188489-07-8	0
59669-26-0	0
10004-44-1	0
95-69-2	0
31218-83-4	1
135158-54-2	0
68694-11-1	1
143-08-8	0
18480-53-0	0
149877-41-8	1
2226-96-2	0
107-70-0	0
695-06-7	0
1823-59-2	0
100-56-1	1
123312-89-0	0
111-29-5	0
571-58-4	0
1121-76-2	0
1134-23-2	0
10213-75-9	0
43121-43-3	0
83657-24-3	1
131-70-4	0
103-37-7	0
54593-83-8	0
81406-37-3	1
111812-58-9	1
149358-73-6	0
79538-32-2	0
104098-48-8	0
101-42-8	0
10042-59-8	0
88-30-2	1
122-14-5	1
4574-04-3	1
18181-70-9	1
110488-70-5	1
10287-53-3	0
88-82-4	0
101-11-1	0
25168-05-2	0
141112-29-0	0
2593-15-9	0
97-95-0	0
110-25-8	1
104-27-8	1
6485-40-1	0
110-95-2	0
100-46-9	0
107-74-4	0
18467-77-1	0
103-74-2	0
84-62-8	1
1070-70-8	1
108419-33-6	0
23184-66-9	1
106-72-9	0
487-06-9	0
156052-68-5	1
121552-61-2	1
NOCAS_34742	1
13181-17-4	1
133855-98-8	1
93-92-5	0
32449-92-6	0
373-49-9	0
1067-25-0	0
1072-83-9	0
1852-04-6	0
62924-70-3	1
109-17-1	0
67-68-5	0
81777-89-1	0
116714-46-6	0
1085-98-9	1
106-21-8	0
107-31-3	0
99-85-4	0
2832-19-1	0
96182-53-5	0
18691-97-9	0
106-33-2	0
1113-02-6	0
18031-40-8	0
105-95-3	0
10420-33-4	0
2113-61-3	0
122-70-3	0
108-55-4	0
1772-25-4	0
18479-57-7	0
56578-18-8	0
111-12-6	0
10469-09-7	1
587-65-5	1
544-40-1	0
109-46-6	1
111-17-1	0
115-32-2	0
110-21-4	0
104-12-1	1
10347-81-6	1
135-77-3	0
128639-02-1	1
112281-77-3	1
109293-98-3	0
106-69-4	0
81334-34-1	0
107-51-7	0
23103-98-2	0
4658-28-0	0
110-33-8	0
1072-15-7	0
114311-32-9	0
35575-96-3	1
219714-96-2	0
928-96-1	0
109-83-1	0
609-54-1	0
10361-37-2	0
532-02-5	0
1117-86-8	0
104-43-8	1
6306-60-1	0
153233-91-1	1
12771-68-5	0
103-45-7	0
122008-85-9	0
717-74-8	0
105-85-1	0
18263-25-7	1
1112-39-6	0
110-99-6	0
106-75-2	0
119168-77-3	1
104-61-0	0
111-43-3	0
126833-17-8	1
103-54-8	0
28434-00-6	1
135410-20-7	0
141517-21-7	1
131341-86-1	1
78587-05-0	1
33189-72-9	0
74051-80-2	0
10595-06-9	0
88-09-5	0
489-01-0	0
103-60-6	0
1008-72-6	0
98886-44-3	0
103361-09-7	1
10361-91-8	0
5598-15-2	1
24310-41-6	0
65733-18-8	1
1071-93-8	0
103764-33-6	0
1873-88-7	0
110-52-1	0
6190-65-4	0
21564-17-0	1
142459-58-3	1
106797-53-9	0
628-87-5	0
113136-77-9	1
141-66-2	0
109-86-4	0
105-37-3	0
55283-68-6	0
24157-81-1	0
103-95-7	0
69806-50-4	0
513-53-1	0
660-68-4	0
69327-76-0	1
103-49-1	0
96489-71-3	1
122836-35-5	0
107-58-4	0
161326-34-7	1
68157-60-8	1
706-14-9	0
69377-81-7	0
10433-59-7	0
141-22-0	1
4824-78-6	1
161050-58-4	0
11099-07-3	0
3397-62-4	0
18268-70-7	0
106-36-5	0
106-29-6	0
149979-41-9	0
119446-68-3	1
314-40-9	0
26225-79-6	0
105-13-5	0
104-21-2	0
16752-77-5	0
118-93-4	0
33629-47-9	0
1878-49-5	0
103-48-0	0
106-02-5	0
2235-00-9	0
962-58-3	0
99-86-5	0
87818-31-3	0
88-14-2	0
499-83-2	0
175013-18-0	1
109-73-9	0
181274-15-7	0
148477-71-8	0
109-59-1	0
25899-50-7	0
107-54-0	0
18436-37-8	0
119515-38-7	0
131807-57-3	1
6385-62-2	0
134605-64-4	0
101-81-5	0
97886-45-8	1
90-47-1	0
107-20-0	0
7786-34-7	1
153719-23-4	0
1072-71-5	0
111109-77-4	0
107-43-7	0
97-17-6	0
18172-67-3	0
118134-30-8	0
66441-23-4	1
110-40-7	0
106-19-4	0
104-45-0	0
110-73-6	0
107-49-3	0
127-41-3	0
107-75-5	0
2579-20-6	0
3766-60-7	1
79622-59-6	1
85-40-5	0
110-38-3	0
101-05-3	0
11070-44-3	0
21282-97-3	0
199119-58-9	0
94361-06-5	1
107-66-4	0
115-84-4	0
110-87-2	0
4812-20-8	0
127-63-9	0
210880-92-5	0
85264-33-1	0
79241-46-6	0
108-64-5	0
106-23-0	0
109-77-3	0
18479-51-1	0
104-63-2	0
105-44-2	0
133-53-9	0
10402-33-2	0
109-84-2	0
106-71-8	0
36001-88-4	1
106-68-3	0
72490-01-8	1
4712-55-4	0
140-89-6	1
120-94-5	0
24579-73-5	0
525-79-1	0
95-13-6	0
654055-01-3	0
123-66-0	0
34643-46-4	1
2465-59-0	0
54-86-4	0
146653-56-7	0
120928-09-8	0
731-27-1	1
18835-02-4	0
4468-42-2	0
23305-64-8	0
13347-42-7	1
16489-90-0	0
643-38-9	0
5988-91-0	0
67024-46-8	0
283594-90-1	0
18924-66-8	1
60599-38-4	0
1541-81-7	0
24448-94-0	0
32687-77-7	0
1155-74-4	1
1452-15-9	0
32329-20-7	0
17824-83-8	1
3027-21-2	0
126-71-6	0
148081-72-5	1
69045-78-9	0
55512-33-9	0
25804-49-3	1
18127-01-0	0
1134-04-9	1
63284-71-9	1
5836-29-3	1
163520-33-0	0
77501-90-7	1
66063-05-6	1
21145-77-7	1
3923-79-3	0
4979-32-2	0
17781-31-6	1
55066-48-3	0
83-28-3	1
2612-29-5	0
3817-11-6	0
764-99-8	0
3698-89-3	0
51282-49-6	0
30030-25-2	0
2896-70-0	0
2917-73-9	0
42594-17-2	1
86-20-4	0
31983-27-4	0
3913-02-8	0
28631-66-5	0
30374-01-7	0
52628-03-2	0
17766-26-6	0
7579-36-4	0
13491-79-7	0
89-36-1	0
42978-66-5	1
4130-08-9	0
26115-70-8	0
34443-12-4	0
18851-33-7	1
133-32-4	0
7631-86-9	0
75-64-9	0
8014-17-3	0
68916-76-7	0
626-89-1	0
7681-11-0	0
7553-56-2	0
62-55-5	0
123-03-5	1
640-19-7	0
79-14-1	0
87-17-2	1
141-19-5	0
46728-75-0	0
55934-93-5	0
29387-86-8	0
67151-63-7	0
1214-39-7	0
540-88-5	0
383-63-1	0
2031-67-6	0
2996-92-1	0
6425-39-4	0
650-51-1	0
122-51-0	0
93-69-6	0
512-42-5	0
34451-19-9	0
66246-88-6	1
637-03-6	1
13952-84-6	0
7758-09-0	0
99-89-8	0
80-38-6	0
140-93-2	1
587-85-9	0
142-31-4	0
24353-61-5	0
34123-59-6	0
1689-83-4	1
5259-88-1	1
28730-17-8	1
33245-39-5	0
1918-18-9	0
493-52-7	1
98-73-7	0
76674-21-0	0
34562-31-7	1
150-69-6	0
3179-80-4	1
1559-34-8	0
7647-15-6	0
2756-56-1	0
132739-31-2	0
15165-79-4	0
57018-04-9	0
2217-02-9	0
138-22-7	0
139-87-7	0
877-24-7	0
97-78-9	1
1792-17-2	0
15457-05-3	0
17109-49-8	1
29973-13-5	0
2941-55-1	0
35400-43-2	0
13457-18-6	1
1746-81-2	0
2631-40-5	0
156-06-9	0
55107-14-7	1
392-12-1	0
7647-10-1	0
128-09-6	0
139-07-1	1
6012-97-1	0
25211-86-3	0
2934-05-6	0
4107-98-6	0
78-07-9	0
23089-26-1	0
578-54-1	0
5870-93-9	0
499-75-2	0
7681-82-5	0
657-84-1	0
6259-76-3	0
7212-44-4	0
94-71-3	0
1754-62-7	0
112-12-9	0
28768-32-3	1
598-55-0	1
2050-60-4	0
120-23-0	0
534-13-4	1
496-46-8	0
142-92-7	1
2156-56-1	0
2752-17-2	0
51000-52-3	0
17980-47-1	1
80-04-6	0
5187-23-5	0
7779-31-9	0
88-27-7	1
39430-51-8	0
16669-59-3	0
88-41-5	0
2767-54-6	1
4845-50-5	0
7209-38-3	0
19932-84-4	0
65733-16-6	1
61931-82-6	1
813-78-5	0
19750-95-9	0
312693-54-2	1
13472-08-7	0
113-52-0	1
26259-45-0	0
62-74-8	0
2642-71-9	1
1928-38-7	0
2032-59-9	0
2631-37-0	1
1982-49-6	0
786-19-6	0
41483-43-6	1
1216-44-0	0
465-73-6	1
366-18-7	1
1196-01-6	0
83-05-6	1
66455-29-6	1
933-52-8	0
62625-32-5	0
1501-27-5	0
737-31-5	0
25322-69-4	0
60397-77-5	0
2882-19-1	0
682-01-9	0
23505-41-1	0
83121-18-0	0
64-10-8	0
81-88-9	1
91648-24-7	0
86-16-8	0
64-19-7	0
815-17-8	0
3468-11-9	1
80-06-8	0
5471-51-2	0
2760-98-7	0
824-39-5	0
947-19-3	0
1594-56-5	1
135-65-9	1
1335-46-2	0
3039-83-6	0
6837-24-7	0
5877-42-9	0
2122-70-5	0
999-21-3	1
4437-85-8	0
23778-52-1	0
5124-30-1	0
3386-87-6	0
131-08-8	0
5444-75-7	0
623-03-0	0
92-04-6	1
2870-32-8	0
6770-38-3	0
5437-98-9	0
14970-87-7	0
77-89-4	0
52196-74-4	0
931-36-2	0
113-24-6	0
52126-51-9	0
84-72-0	0
15233-47-3	1
3052-50-4	0
148-87-8	0
7646-85-7	0
298-06-6	0
824-72-6	0
35661-60-0	1
939-48-0	0
87-44-5	0
1187-03-7	0
629-19-6	0
116-02-9	0
6928-67-2	0
2492-26-4	1
35948-25-5	0
1941-30-6	0
93-00-5	0
831-59-4	0
589-68-4	0
7560-83-0	0
4246-51-9	1
4985-85-7	0
83016-70-0	0
605-45-8	1
7575-23-7	0
141-03-7	0
4559-86-8	0
7005-47-2	0
4196-89-8	0
929-59-9	1
4062-60-6	0
699-12-7	1
42482-06-4	0
130-14-3	0
120-07-0	0
497-39-2	1
3734-67-6	0
81-54-9	1
2554-06-5	0
34885-03-5	0
1541-67-9	1
6264-66-0	1
147-81-9	0
87-01-4	1
26402-26-6	0
2390-60-5	1
5495-84-1	0
2610-11-9	0
80443-63-6	0
27344-41-8	0
924-88-9	0
13171-00-1	0
52298-44-9	0
120-65-0	0
129-06-6	0
15520-10-2	0
1987-50-4	1
94-99-5	0
2687-94-7	0
122-82-7	0
4205-91-8	0
15086-94-9	1
485-31-4	1
139-88-8	0
6515-38-4	1
71626-11-4	1
618-45-1	0
1929-73-3	0
63837-33-2	0
99607-70-2	1
16118-49-3	0
52756-22-6	1
2597-03-7	1
3691-35-8	1
26399-36-0	0
71422-67-8	1
60207-93-4	0
71283-80-2	1
67564-91-4	0
38260-54-7	0
470-90-6	1
3878-19-1	0
17040-19-6	0
6164-98-3	0
87392-12-9	1
24017-47-8	0
122453-73-0	1
959-98-8	1
82560-54-1	1
2318-25-4	1
3236-71-3	1
81-83-4	0
30007-47-7	0
2445-77-4	1
7774-29-0	1
96-96-8	0
695-34-1	0
1896-62-4	0
5138-18-1	0
998-40-3	0
135-51-3	0
3570-55-6	0
4684-94-0	0
126-58-9	0
1189-08-8	0
616-86-4	0
16691-43-3	0
2449-05-0	0
26896-48-0	1
16588-34-4	0
2312-73-4	0
3010-96-6	0
1205-64-7	0
42576-02-3	1
2628-16-2	0
7328-17-8	0
7549-37-3	0
659-70-1	0
5344-27-4	0
7779-27-3	0
2517-43-3	0
6961-82-6	0
2457-01-4	0
4273-98-7	1
81-14-1	1
513-92-8	1
134-84-9	0
55117-15-2	0
3572-06-3	0
17252-51-6	0
77771-02-9	0
5349-51-9	0
5536-61-8	0
4638-48-6	1
5973-71-7	0
33007-83-9	0
5930-28-9	1
88-19-7	0
1205-17-0	0
51632-16-7	0
68039-49-6	0
124-76-5	0
2050-43-3	0
22987-10-6	0
4501-58-0	0
16215-21-7	0
132-54-7	0
32435-46-4	0
6228-25-7	0
66072-38-6	1
5850-86-2	0
31519-22-9	1
2835-68-9	0
120-18-3	1
5117-12-4	0
126-06-7	0
2855-19-8	0
38661-72-2	0
682-09-7	0
1985-51-9	0
71868-10-5	1
2524-64-3	0
80-00-2	1
4707-47-5	0
59719-67-4	0
50940-49-3	0
25354-97-6	1
5205-93-6	0
41424-36-6	0
1746-23-2	0
7473-98-5	0
17832-28-9	0
1606-85-5	0
4680-78-8	0
2082-81-7	0
3658-48-8	0
1565-94-2	1
18039-42-4	0
4986-89-4	1
585-34-2	0
2386-60-9	0
1484-84-0	0
623-84-7	0
23235-61-2	0
6711-48-4	0
65405-77-8	0
37526-59-3	0
84-51-5	0
2420-87-3	0
320-72-9	0
70693-59-3	1
119-17-5	0
33228-44-3	0
3445-11-2	1
57609-64-0	1
929-73-7	1
689-11-2	0
78-96-6	0
692-86-4	0
16969-10-1	1
119313-12-1	1
765-12-8	0
14228-73-0	1
64-72-2	1
3278-89-5	0
2495-37-6	0
1732-10-1	0
2052-15-5	0
2455-24-5	0
2094-99-7	0
1561-92-8	0
3775-90-4	0
2057-49-0	1
2499-95-8	0
2212-32-0	0
60506-81-2	1
48145-04-6	1
142-26-7	0
6358-64-1	0
2627-95-4	0
873-94-9	0
2399-48-6	0
25620-58-0	0
40220-08-4	1
4162-45-2	1
2224-15-9	0
76-49-3	0
2358-84-1	0
91-88-3	0
3031-66-1	1
599-61-1	0
671-16-9	1
2156-96-9	0
89778-27-8	1
2275-14-1	0
597-09-1	0
26049-71-8	1
69045-83-6	0
36177-92-1	0
33089-74-6	0
78-11-5	0
4849-32-5	0
69852-45-5	0
728-40-5	1
22248-79-9	1
116-81-4	1
63133-74-4	0
6706-59-8	0
24526-64-5	1
15362-40-0	1
59227-89-3	1
44860-68-6	0
15332-99-7	0
26049-70-7	1
13360-78-6	1
16066-35-6	0
2433-14-9	0
72269-48-8	0
140-90-9	1
827-21-4	0
79-74-3	1
1742-14-9	0
27306-78-1	1
25638-17-9	0
6625-46-3	0
52304-36-6	0
2110-18-1	0
14765-30-1	0
80-27-3	0
3407-42-9	1
15930-66-2	1
142-19-8	0
23947-60-6	0
151-05-3	0
2705-87-5	0
122-63-4	0
7492-70-8	0
562-74-3	0
15901-40-3	1
27858-32-8	0
2694-54-4	0
84962-98-1	0
68928-76-7	1
27253-33-4	0
88485-37-4	0
36673-16-2	0
17945-05-0	0
13331-52-7	1
126-83-0	0
136-30-1	0
1907-65-9	0
91-65-6	0
13047-13-7	1
6378-25-2	1
119-40-4	1
6701-13-9	0
56275-01-5	0
2495-39-8	0
23432-62-4	0
57-39-6	0
701-64-4	0
116912-64-2	0
56038-89-2	0
1124-05-6	0
26842-43-3	0
1610-17-9	0
31698-14-3	0
60875-16-3	0
17321-77-6	1
15707-24-1	0
623-42-7	0
4532-64-3	0
24168-70-5	0
53939-28-9	0
488-10-8	0
557-48-2	1
491-35-0	0
75359-31-8	0
1569-02-4	0
54527-84-3	1
63449-41-2	1
80214-83-1	0
1300-73-8	0
593-08-8	0
928-95-0	0
76231-76-0	0
111991-09-4	0
74222-97-2	0
485-72-3	1
39196-18-4	0
60207-31-0	0
77732-09-3	0
13684-56-5	1
644-64-4	0
69806-34-4	1
115-90-2	0
7789-41-5	0
81-82-3	0
59-85-8	1
1320-07-6	0
1335-66-6	0
14351-66-7	1
5766-67-6	0
63-42-3	0
827-95-2	0
142-03-0	0
96-80-0	0
2761-24-2	0
1559-35-9	0
90717-03-6	0
64628-44-0	0
50-41-9	1
7227-91-0	0
921-20-0	0
705-86-2	0
92-68-2	0
2122-86-3	0
58430-94-7	0
6965-71-5	0
5251-93-4	0
54914-85-1	0
68555-86-2	0
6373-74-6	0
15791-78-3	1
67874-72-0	0
21739-91-3	1
21540-35-2	1
363-17-7	1
3567-62-2	0
3698-94-0	0
2781-11-5	0
4802-20-4	0
120-56-9	0
15046-75-0	0
13372-77-5	0
67786-14-5	0
70321-85-6	0
4726-14-1	1
1982-47-4	1
21609-90-5	1
32889-48-8	0
947-02-4	0
95266-40-3	0
2463-84-5	0
23564-06-9	0
85-34-7	0
76-39-1	0
1928-47-8	0
64700-56-7	0
5836-10-2	1
87130-20-9	0
2545-59-7	0
25954-13-6	0
2104-96-3	1
39515-40-7	0
1176-74-5	1
2008-58-4	0
137-03-1	0
765-15-1	0
1124-04-5	0
137-66-6	1
341-69-5	1
7397-62-8	0
117-96-4	0
1118-92-9	0
19719-28-9	0
20780-48-7	0
6359-90-6	0
26172-54-3	0
16470-24-9	0
58846-77-8	1
145-39-1	1
87-26-3	0
2491-38-5	0
1444-64-0	0
6893-02-3	0
51-41-2	0
1131-18-6	0
51229-78-8	0
5943-30-6	0
13254-34-7	0
541-53-7	0
94-91-7	0
35691-65-7	1
494-52-0	0
22204-53-1	0
872-10-6	0
3613-30-7	0
3337-62-0	0
68298-46-4	0
6281-42-1	0
41532-84-7	1
98-44-2	0
1515-72-6	0
1323-38-2	1
25059-80-7	0
3060-89-7	0
3547-33-9	0
5116-94-9	1
1762-95-4	0
6683-19-8	0
147-94-4	0
928-97-2	1
608-25-3	0
141-12-8	0
4128-37-4	0
80-51-3	0
1729-67-5	0
3249-53-4	0
30391-89-0	0
59337-93-8	0
96686-51-0	1
27775-00-4	0
5810-11-7	1
1701-77-5	0
122-37-2	1
5394-36-5	0
66346-01-8	0
23847-08-7	1
491-07-6	0
135-62-6	1
22978-25-2	1
954-21-2	0
33509-43-2	0
63133-82-4	0
1466-76-8	0
89-33-8	0
1600-27-7	1
621-07-8	0
1772-03-8	0
122-64-5	1
2595-54-2	0
64-00-6	0
67375-30-8	0
42588-37-4	0
950-35-6	1
31654-77-0	1
112-26-5	0
33228-45-4	1
540-18-1	0
610-96-8	0
94317-64-3	0
557-34-6	0
60-41-3	0
627-91-8	0
93-89-0	0
622-40-2	0
122-00-9	0
6051-87-2	1
93-55-0	0
91-63-4	0
4394-85-8	0
77-49-6	0
89-05-4	0
134-81-6	0
98-53-3	0
762-04-9	0
4602-84-0	1
1193-18-6	0
3391-86-4	0
93-56-1	1
81-64-1	0
2654-57-1	1
1469-48-3	1
84-54-8	0
926-39-6	0
143-15-7	1
535-87-5	0
118-69-4	0
112-36-7	0
89-00-9	0
133-37-9	0
867-13-0	0
791-28-6	0
58-86-6	0
1745-81-9	0
1694-31-1	0
4620-70-6	0
629-03-8	0
1571-33-1	0
589-15-1	0
88-69-7	0
638-07-3	0
13676-54-5	1
8001-54-5	1
555-60-2	1
1126-78-9	0
591-80-0	0
124-64-1	0
2038-03-1	0
98-66-8	0
1154-59-2	1
5510-99-6	0
123-00-2	0
2403-89-6	0
88-63-1	0
115-39-9	1
1118-12-3	0
142-87-0	1
97-36-9	0
1119-94-4	1
2353-45-9	1
633-96-5	1
140-07-8	0
2100-42-7	0
8004-92-0	1
5437-45-6	0
6606-59-3	0
2050-46-6	0
21799-87-1	0
1668-54-8	0
1937-19-5	0
621-76-1	0
56375-79-2	0
3026-63-9	1
1497-49-0	0
129-73-7	1
92-51-3	1
76-60-8	1
78-27-3	0
2591-86-8	0
95-92-1	0
611-20-1	0
111-83-1	0
5146-66-7	0
56539-66-3	0
13453-07-1	1
2873-97-4	0
19406-86-1	0
350-03-8	0
619-65-8	0
2163-00-0	0
459-57-4	0
95-73-8	0
2840-28-0	0
123-34-2	0
5459-58-5	0
143-16-8	0
97-52-9	0
90-98-2	0
34487-61-1	0
36768-62-4	0
26027-38-3	1
542-92-7	0
1197-01-9	0
591-31-1	0
140-10-3	0
71-91-0	0
71-30-7	0
93-04-9	0
13361-34-7	0
24544-04-5	0
1132-61-2	0
143-24-8	0
149-45-1	0
1643-19-2	0
24650-42-8	1
129-17-9	1
52-01-7	1
75277-39-3	0
1185-53-1	0
504-02-9	0
451-40-1	0
552-45-4	0
29836-26-8	0
3724-43-4	0
95-96-5	0
1670-14-0	0
542-28-9	0
78-08-0	0
780-69-8	0
95-45-4	1
91-95-2	0
500-38-9	1
6610-29-3	1
5908-99-6	0
357-57-3	0
7718-54-9	0
4420-74-0	0
2179-57-9	0
24801-88-5	0
4422-95-1	1
1892-29-1	0
139-66-2	0
1493-13-6	0
1122-58-3	0
614-80-2	0
93-08-3	0
137-00-8	0
3878-55-5	0
7149-79-3	0
831-82-3	1
7152-80-9	1
7778-74-7	0
14814-09-6	0
5496-10-6	0
5300-03-8	1
13893-53-3	0
5137-55-3	1
119-27-7	0
3737-41-5	1
33419-42-0	0
145040-37-5	1
2657-00-3	0
20711-10-8	0
15676-16-1	0
54982-83-1	0
1918-13-4	0
90-49-3	0
18854-01-8	0
1918-11-2	0
51410-72-1	0
2173-56-0	0
6375-27-5	0
96-08-2	0
827-19-0	0
533-23-3	0
39300-45-3	1
81405-85-8	0
25311-71-1	1
118-47-8	0
29091-05-2	1
58769-20-3	0
22936-75-0	0
973-21-7	1
13301-61-6	1
55-16-3	0
502-55-6	0
13031-43-1	0
3521-62-8	1
527-53-7	0
130-20-1	0
2050-99-9	0
2605-79-0	0
13967-50-5	1
2905-67-1	0
19408-46-9	0
116-66-5	0
4638-03-3	0
67953-08-6	0
603-33-8	1
379-52-2	1
4724-48-5	0
7360-44-3	0
26896-20-8	0
123-81-9	1
7360-53-4	0
77-65-6	0
81-15-2	1
87-24-1	0
57116-45-7	0
143390-89-0	1
53558-25-1	0
1135-66-6	1
70124-77-5	0
64063-37-2	0
943-41-9	0
71526-07-3	0
2327-02-8	0
61213-25-0	1
29450-45-1	0
299-86-5	1
553-70-8	0
6359-98-4	0
118-88-7	0
5700-49-2	0
28159-98-0	1
26644-46-2	0
1323-19-9	0
34681-23-7	0
125116-23-6	1
324-93-6	1
30399-84-9	0
629-78-7	0
132-66-1	1
22398-80-7	0
1728-46-7	0
13708-12-8	0
81025-04-9	0
472-66-2	0
464-45-9	0
19819-98-8	0
2152-44-5	1
36431-72-8	0
3681-71-8	0
306-91-2	0
539-88-8	0
112-45-8	1
5989-54-8	0
112-14-1	0
91-16-7	0
8000-41-7	0
2026-24-6	1
4221-98-1	1
3913-81-3	1
17465-86-0	0
NOCAS_47051	0
469-61-4	0
79-69-6	0
475-20-7	0
2785-89-9	0
22047-25-2	0
15706-73-7	0
16893-85-9	0
7011-83-8	0
1124-11-4	0
14667-55-1	1
13932-13-3	0
191217-81-9	0
29457-72-5	1
532-43-4	0
594-30-9	1
16251-77-7	0
39236-46-9	0
94-02-0	0
120-50-3	0
710-04-3	1
501-52-0	0
4748-78-1	0
606-45-1	0
480-40-0	1
39711-79-0	0
2021-28-5	0
630-93-3	0
620-40-6	1
5080-50-2	0
1123-85-9	0
1937-37-7	0
142-64-3	0
470-99-5	0
495-40-9	0
120-45-6	0
6789-88-4	1
151-10-0	0
3848-24-6	0
90823-38-4	0
5104-49-4	0
65-30-5	0
75-50-3	0
75-85-4	0
565-62-8	0
57-14-7	0
123-51-3	0
137-42-8	0
138786-67-1	0
56-95-1	1
111974-72-2	1
155141-29-0	1
657-24-9	0
9004-82-4	1
16079-88-2	0
134-30-5	1
127-39-9	0
138-87-4	0
68959-20-6	1
79-57-2	0
31895-22-4	0
335104-84-2	0
1120-04-3	1
4674-50-4	0
3653-48-3	0
55635-13-7	0
26264-06-2	1
26447-10-9	0
557-30-2	0
53219-21-9	0
67674-36-6	0
27253-29-8	0
2782-57-2	0
628-46-6	0
4630-07-3	1
481-72-1	1
1713-15-1	0
26040-51-7	0
3347-22-6	1
36443-68-2	1
64359-81-5	1
23110-15-8	0
317318-84-6	1
79558-09-1	1
2871-01-4	0
134523-00-5	1
85507-79-5	1
41814-78-2	0
6988-21-2	0
6145-73-9	0
1330-86-5	0
2244-21-5	0
4776-06-1	1
58-72-0	1
29122-68-7	0
144-49-0	0
203313-25-1	0
55814-41-0	1
55704-78-4	0
145701-23-1	0
116255-48-2	1
125401-92-5	0
7080-50-4	0
9016-00-6	0
NOCAS_47796	0
124-40-3	0
71-23-8	0
210631-68-8	0
165252-70-0	0
2445-76-3	0
78761-38-3	0
2639-63-6	0
111-80-8	0
6381-91-5	0
4265-16-1	0
2459-10-1	0
16728-49-7	0
124-43-6	0
21722-83-8	0
85446-17-9	0
4621-04-9	0
110617-70-4	0
3790-78-1	0
6290-17-1	0
21834-92-4	1
65894-82-8	0
16587-71-6	0
94-46-2	0
5579-78-2	0
79-78-7	0
13446-18-9	0
502-72-7	0
2695-37-6	0
151-73-5	0
26921-17-5	0
29461-14-1	0
3068-76-6	0
94-97-3	1
304-17-6	0
28069-72-9	0
541-47-9	0
58-56-0	0
3352-87-2	0
6911-51-9	1
NOCAS_47140	0
2592-95-2	1
9004-73-3	0
1162-06-7	1
137-06-4	0
880-09-1	0
122-69-0	0
13678-68-7	0
867-81-2	0
141-16-2	0
57646-30-7	0
22629-49-8	0
2349-07-7	0
7785-33-3	0
122-48-5	1
104-53-0	0
1320-15-6	0
125225-28-7	1
24817-51-4	0
9003-11-6	0
28664-35-9	0
143983-91-9	0
61295-41-8	0
119-65-3	0
103-38-8	0
628-97-7	0
91-61-2	0
344-04-7	0
99300-78-4	0
1111-78-0	0
30124-94-8	1
2439-54-5	0
1193-81-3	0
2638-94-0	0
55-06-1	1
87-19-4	0
4994-16-5	0
543-49-7	0
513-86-0	0
1897-52-5	0
3057-08-7	0
1331-81-3	0
23747-48-0	0
3811-04-9	0
432-25-7	0
1577-03-3	0
911217-00-0	0
6290-37-5	0
2499-59-4	0
89-79-2	0
29091-09-6	1
NOCAS_47708	0
37609-25-9	0
100-86-7	0
21948-70-9	0
122-91-8	0
143-13-5	0
13019-22-2	0
8000-34-8	0
63477-41-8	0
141-92-4	0
19322-27-1	0
20665-85-4	1
61791-12-6	0
564-20-5	1
105-86-2	0
124-12-9	0
99-49-0	0
17102-64-6	0
475-31-0	0
99-83-2	0
3209-13-0	0
644-35-9	0
255714-11-5	0
7549-33-9	0
1322-17-4	0
6707-60-4	0
122-67-8	0
16491-24-0	1
13481-87-3	0
63449-68-3	1
109-42-2	0
2219-82-1	0
1244-76-4	1
5174-32-3	0
13494-07-0	0
4437-51-8	0
38205-60-6	0
1118-39-4	0
104-50-7	0
27593-23-3	0
13851-11-1	0
112-17-4	0
67883-79-8	0
6378-65-0	0
1076-56-8	0
83834-59-7	0
2274-11-5	0
1117-55-1	0
38462-22-5	0
13816-33-6	0
828-26-2	0
14952-06-8	0
933-48-2	0
2043-55-2	0
9016-87-9	0
2392-39-4	0
122-72-5	0
123-29-5	0
28588-75-2	0
144-39-8	0
67952-65-2	0
34413-35-9	0
1638-22-8	0
2443-58-5	1
6359-82-6	0
8028-48-6	1
90-17-5	0
10032-15-2	0
3188-00-9	0
65416-14-0	0
64275-73-6	0
119-07-3	0
1438-94-4	0
68515-75-3	0
77337-73-6	0
103-52-6	0
3282-73-3	1
505-79-3	0
644-08-6	0
2398-37-0	0
15707-23-0	0
112-06-1	0
607-88-5	0
2305-05-7	0
116296-31-2	1
22047-49-0	0
110-41-8	1
109-29-5	0
94-47-3	0
1069-66-5	0
108-29-2	0
141-25-3	0
31501-11-8	0
13380-94-4	0
15619-48-4	1
765-70-8	0
41519-23-7	0
103-05-9	0
13466-78-9	0
103-53-7	0
67028-40-4	0
78-37-5	0
13679-70-4	0
1679-51-2	0
103-36-6	0
2040-10-0	0
4536-23-6	0
474-86-2	1
645-56-7	0
55066-56-3	0
25209-66-9	0
123-41-1	0
37526-88-8	0
2270-60-2	0
36631-30-8	0
2478-10-6	0
138-15-8	0
3077-12-1	0
8008-45-5	0
112226-61-6	1
112-31-2	1
7779-78-4	0
55418-52-5	0
16485-10-2	0
2897-60-1	0
6010-91-9	0
25152-85-6	0
8006-90-4	0
41394-05-2	0
17283-81-7	0
26576-46-5	0
126-64-7	0
774-55-0	0
68917-18-0	0
50816-18-7	0
122-68-9	0
17526-94-2	0
6790-58-5	0
1679-07-8	0
105-21-5	0
33704-61-9	0
141-14-0	0
7335-26-4	0
93-51-6	0
121-98-2	0
28940-11-6	0
622-62-8	0
55719-85-2	0
4128-17-0	0
3697-42-5	1
162881-26-7	0
35250-53-4	0
28069-74-1	0
24772-51-8	0
502-47-6	0
33693-84-4	0
2224-49-9	1
26644-00-8	0
540-07-8	0
698-76-0	0
123333-56-2	1
5435-64-3	0
103-59-3	0
68606-83-7	0
68610-51-5	0
5205-11-8	0
90-87-9	0
NOCAS_47129	0
459-80-3	0
28588-74-1	0
4312-99-6	0
135-79-5	0
39255-32-8	0
130-80-3	0
2338-76-3	0
2469-55-8	0
697-82-5	0
4643-27-0	0
23495-12-7	0
5331-43-1	0
17351-75-6	0
78-35-3	0
2785-87-7	0
1191-16-8	0
32780-64-6	1
1331-83-5	0
515-03-7	1
90-42-6	0
860-22-0	0
520-45-6	0
93957-54-1	1
1321-74-0	0
7758-19-2	0
932-83-2	0
684-93-5	0
4548-53-2	0
615-53-2	0
602-87-9	0
1461-25-2	1
10034-93-2	0
79-81-2	0
629-50-5	0
1120-36-1	0
644-97-3	0
112-18-5	0
139-96-8	1
6983-79-5	0
1333-39-7	0
3164-85-0	0
84-61-7	1
645-62-5	0
134678-17-4	0
67485-29-4	1
541-02-6	0
608-93-5	0
3085-30-1	0
126-92-1	0
960-71-4	1
92-00-2	0
541-05-9	0
141-23-1	0
586-62-9	0
4131-74-2	0
629-59-4	0
1241-94-7	1
NOCAS_48166	1
40649-36-3	0
NOCAS_48507	1
174185-16-1	1
588941-45-1	1
769-92-6	0
4344-55-2	0
88-24-4	1
115-99-1	0
95-38-5	1
146011-65-6	0
NOCAS_48522	1
6285-05-8	0
27247-96-7	0
199584-38-8	0
4342-36-3	1
838-85-7	0
NOCAS_48514	1
1192-52-5	1
686756-87-6	1
460081-99-6	1
151506-44-4	0
25103-09-7	0
91465-08-6	0
7785-70-8	0
611-70-1	0
272451-65-7	1
129298-91-5	1
27090-63-7	0
15499-27-1	0
2696-84-6	0
122-62-3	0
NOCAS_48176	1
2497-21-4	0
104-13-2	0
68609-97-2	0
480-63-7	0
1191914-21-2	0
112-66-3	0
89-71-4	0
109-31-9	0
18979-55-0	1
9005-65-6	0
79098-20-7	0
149413-74-1	1
9004-96-0	1
94-08-6	0
39905-57-2	1
1883-78-9	0
67-30-1	1
1405-86-3	0
181274-17-9	0
1632-73-1	0
NOCAS_48172	0
129299-90-7	1
6080-56-4	0
2321-07-5	1
127-25-3	0
NOCAS_48505	1
1062243-51-9	1
124-06-1	0
111-62-6	0
5407-98-7	0
1434-54-4	1
25550-98-5	0
70568-60-4	0
5743-28-2	0
134-31-6	1
NOCAS_48516	0
19525-59-8	0
3777-69-3	1
1671-75-6	0
51-24-1	1
25496-72-4	1
13680-35-8	1
136042-19-8	1
78473-71-9	1
2396-68-1	1
125-12-2	0
90357-06-5	1
1625-91-8	0
938-16-9	0
6119-47-7	1
112809-51-5	0
107071-66-9	1
87-18-3	0
569-61-9	1
NOCAS_48509	1
NOCAS_48518	0
625114-41-2	0
65505-17-1	0
22260-51-1	1
2467-02-9	1
825643-57-0	1
124-19-6	0
138472-01-2	0
114651-37-5	0
705-60-2	1
102676-31-3	0
106-45-6	0
112-40-3	0
22694-96-8	0
17209-72-2	0
2094-98-6	0
1118-27-0	0
1191-62-4	0
41395-83-9	0
6533-00-2	1
35854-86-5	0
67715-80-4	0
502-61-4	1
33467-74-2	0
6149-03-7	1
31375-17-4	0
122-73-6	0
33032-12-1	1
1124-63-6	0
140923-17-7	0
3008-43-3	0
60125-24-8	1
4927-39-3	0
15763-76-5	0
25339-09-7	0
2943-75-1	0
712-50-5	0
68392-35-8	1
109293-97-2	1
53-41-8	1
619-50-1	0
487-68-3	0
16356-11-9	0
1879-09-0	0
123-02-4	0
13759-92-7	0
76014-81-8	0
16484-77-8	0
104-90-5	0
716-79-0	1
67-71-0	0
827-94-1	0
5742-17-6	0
120983-64-4	1
2235-43-0	0
4221-68-5	1
78-46-6	0
122-01-0	0
16529-56-9	0
111-34-2	0
1939-36-2	1
622-45-7	0
1719-58-0	0
6843-66-9	0
1656-48-0	0
4719-04-4	0
10482-56-1	0
615-20-3	0
106-32-1	0
821-48-7	0
2680-03-7	0
763-32-6	0
17557-23-2	0
89-61-2	0
364-76-1	0
2859-67-8	0
2460-77-7	1
41484-35-9	0
171118-09-5	0
13963-57-0	0
868-57-5	0
4390-04-9	0
20018-09-1	1
1678-91-7	0
83-56-7	1
3120-74-9	1
6379-73-3	0
103-56-0	0
101-67-7	0
16867-04-2	1
832-69-9	0
3006-93-7	1
123-15-9	0
84-15-1	1
55179-31-2	1
75980-60-8	1
563-04-2	0
31482-56-1	0
10147-40-7	1
29548-30-9	0
87-41-2	0
1885-14-9	0
301-00-8	1
142-29-0	0
10022-28-3	0
609-66-5	0
35141-30-1	0
122454-29-9	1
51200-87-4	0
64091-91-4	0
109-04-6	0
619-73-8	0
135-02-4	0
873-32-5	0
109-08-0	0
78-97-7	0
106-58-1	0
506-68-3	0
544-01-4	0
175178-82-2	1
2167-23-9	0
4385-05-1	0
187022-11-3	0
100-25-4	1
79-30-1	0
52663-68-0	0
2051-62-9	0
1885-38-7	0
80-48-8	0
105-31-7	0
18794-84-8	0
239110-15-7	1
509-34-2	1
131-52-2	1
6175-45-7	0
611-14-3	0
6358-09-4	0
693-54-9	0
584-03-2	0
92-91-1	0
4584-46-7	0
611-59-6	0
628-81-9	0
2481-94-9	1
90982-32-4	0
1139-30-6	0
498-81-7	0
14024-18-1	0
67233-85-6	0
6094-02-6	0
112-16-3	1
580-51-8	1
2682-20-4	0
76703-62-3	0
2648-61-5	1
626-64-2	0
452-58-4	0
86-28-2	0
150-19-6	0
5103-71-9	0
109-78-4	0
115-18-4	0
462-95-3	0
88-10-8	0
NOCAS_47218	0
3064-70-8	1
135-98-8	0
141-91-3	0
93-16-3	0
20120-33-6	0
874-60-2	0
3277-26-7	0
78-62-6	0
2426-54-2	0
3118-97-6	0
14938-35-3	1
98105-99-8	0
13080-86-9	1
6174-86-3	1
5655-61-8	0
6440-58-0	0
93-53-8	0
100-43-6	0
821-55-6	0
144-74-1	0
1207-12-1	0
81541-12-0	0
178928-70-6	1
92-44-4	0
123-56-8	0
103-28-6	0
110-75-8	0
2597-93-5	1
767-00-0	0
2032-65-7	1
68479-98-1	0
59572-10-0	0
97-89-2	0
111-31-9	0
6283-25-6	0
108-48-5	0
86-98-6	0
140-53-4	0
6842-15-5	0
104-72-3	0
108-87-2	0
526-73-8	0
3634-83-1	0
65983-31-5	0
1489-69-6	0
144171-61-9	0
319-86-8	1
5694-00-8	0
15165-67-0	0
565-80-0	0
102-85-2	0
78-77-3	0
496-11-7	0
624-18-0	0
17321-47-0	0
142-08-5	0
87-91-2	0
623-36-9	0
98-02-2	0
70630-17-0	0
140939-17-9	0
89-75-8	0
100-80-1	0
6358-53-8	1
3648-21-3	0
1672-46-4	1
3647-69-6	0
120-21-8	0
141-93-5	0
4584-49-0	0
60-25-3	0
643-28-7	0
33693-04-8	0
927-62-8	0
1470-94-6	1
95-56-7	0
35045-02-4	0
687-47-8	0
2114-11-6	0
6117-91-5	0
10416-59-8	0
609-23-4	1
109-97-7	0
596-03-2	1
541-85-5	0
19532-03-7	0
56-37-1	0
107133-36-8	0
18015-76-4	1
16409-43-1	0
96-54-8	0
82697-71-0	0
1942-71-8	1
121-87-9	0
58654-67-4	0
163515-14-8	0
17418-58-5	0
136-85-6	0
147526-32-7	1
19721-22-3	0
89415-87-2	0
65-71-4	0
5888-33-5	0
78-98-8	0
4856-95-5	0
NOCAS_52866	0
1569-60-4	0
21679-31-2	0
19660-16-3	0
82-44-0	0
93-02-7	0
2588-04-7	0
150-46-9	0
2479-46-1	1
36437-37-3	0
591-22-0	0
139968-49-3	0
94-86-0	0
17754-90-4	1
5977-14-0	0
56507-37-0	0
76-83-5	1
5405-41-4	0
626-39-1	0
90325-47-6	0
91-10-1	0
1100-88-5	1
68424-85-1	1
329-89-5	1
540-38-5	1
140939-15-7	0
NOCAS_57890	0
67762-27-0	0
7786-67-6	0
627-30-5	0
24038-68-4	1
612-12-4	0
2402-78-0	0
589-66-2	0
130-15-4	1
2439-01-2	1
3068-00-6	0
1163-19-5	0
50-69-1	1
51384-51-1	1
10061-01-5	1
112-29-8	0
87-13-8	0
1609-47-8	0
569-64-2	1
104-82-5	0
35958-30-6	0
5949-05-3	0
85-22-3	0
707-61-9	0
23128-74-7	0
639-58-7	1
5103-74-2	0
17354-14-2	0
635-22-3	1
464-48-2	0
126-75-0	0
13183-79-4	0
60-01-5	0
121-72-2	0
93-52-7	0
105-90-8	0
626-60-8	0
24683-00-9	0
591-12-8	0
3388-04-3	0
1571-75-1	1
330-95-0	1
23696-85-7	0
152019-73-3	0
1752-30-3	1
147150-35-4	0
81-30-1	0
616-47-7	0
615-13-4	0
134-85-0	0
110553-27-0	0
116-17-6	0
104-87-0	0
1121-78-4	0
122931-48-0	0
91-67-8	0
7492-66-2	1
719-59-5	1
791-31-1	1
623-33-6	0
193-39-5	1
20662-14-0	0
3424-82-6	1
135590-91-9	1
7786-61-0	0
103-26-4	0
110-01-0	0
551-93-9	0
213464-77-8	0
99129-21-2	0
79-09-4	0
64436-13-1	0
17420-30-3	0
243973-20-8	0
15059-52-6	0
603-36-1	1
1885-29-6	0
79-07-2	1
108-74-7	0
7005-72-3	0
124-05-0	0
874-90-8	0
2832-40-8	1
2497-06-5	1
71441-28-6	1
23726-91-2	1
56070-16-7	0
3852-09-3	0
84-58-2	0
626-48-2	0
617-89-0	0
63134-33-8	1
87820-88-0	0
140-56-7	0
139-65-1	1
80-07-9	1
111-77-3	0
94-13-3	1
117-18-0	0
95-54-5	1
1806-26-4	1
149-30-4	1
77-73-6	0
25103-58-6	0
60-09-3	1
141-43-5	0
527-20-8	0
744-45-6	1
602-60-8	0
5307-14-2	0
119-34-6	0
111-15-9	0
60-57-1	1
106-47-8	1
100-01-6	1
99-65-0	0
2835-95-2	0
602-01-7	0
121-88-0	1
110-26-9	0
2052-07-5	0
2243-62-1	1
627-18-9	0
65558-69-2	1
6285-57-0	0
188425-85-6	0
131983-72-7	0
950-37-8	1
104206-82-8	0
29420-49-3	0
1421-63-2	1
550-44-7	0
271-89-6	0
700-06-1	1
606-37-1	0
495-18-1	1
56-75-7	0
74-11-3	0
129-00-0	1
27176-87-0	1
52-24-4	0
10552-74-6	0
10025-82-8	0
4460-86-0	0
55335-06-3	0
584-79-2	1
72-43-5	1
4376-20-9	1
55219-65-3	0
19044-88-3	1
94-82-6	0
22224-92-6	0
13194-48-4	0
1763-23-1	1
117-81-7	0
66332-96-5	0
131860-33-8	1
